Name," ""Team"""," ""Position"""," ""Height(inches)"""," ""Weight(lbs)"""," ""Age"""
Name," ""Team"""," ""Position"""," ""Height(inches)"""," ""Weight(lbs)"""," ""Age"""
Name," ""Team"""," ""Position"""," ""Height(inches)"""," ""Weight(lbs)"""," ""Age"""
Name," ""Team"""," ""Position"""," ""Height(inches)"""," ""Weight(lbs)"""," ""Age"""
Name," ""Team"""," ""Position"""," ""Height(inches)"""," ""Weight(lbs)"""," ""Age"""
Name," ""Team"""," ""Position"""," ""Height(inches)"""," ""Weight(lbs)"""," ""Age"""
Name," ""Team"""," ""Position"""," ""Height(inches)"""," ""Weight(lbs)"""," ""Age"""
Name," ""Team"""," ""Position"""," ""Height(inches)"""," ""Weight(lbs)"""," ""Age"""
Name," ""Team"""," ""Position"""," ""Height(inches)"""," ""Weight(lbs)"""," ""Age"""
Name," ""Team"""," ""Position"""," ""Height(inches)"""," ""Weight(lbs)"""," ""Age"""
Name," ""Team"""," ""Position"""," ""Height(inches)"""," ""Weight(lbs)"""," ""Age"""
Name," ""Team"""," ""Position"""," ""Height(inches)"""," ""Weight(lbs)"""," ""Age"""
Name," ""Team"""," ""Position"""," ""Height(inches)"""," ""Weight(lbs)"""," ""Age"""
Name," ""Team"""," ""Position"""," ""Height(inches)"""," ""Weight(lbs)"""," ""Age"""
Name," ""Team"""," ""Position"""," ""Height(inches)"""," ""Weight(lbs)"""," ""Age"""
Name," ""Team"""," ""Position"""," ""Height(inches)"""," ""Weight(lbs)"""," ""Age"""
Name," ""Team"""," ""Position"""," ""Height(inches)"""," ""Weight(lbs)"""," ""Age"""
Name," ""Team"""," ""Position"""," ""Height(inches)"""," ""Weight(lbs)"""," ""Age"""
Name," ""Team"""," ""Position"""," ""Height(inches)"""," ""Weight(lbs)"""," ""Age"""
Name," ""Team"""," ""Position"""," ""Height(inches)"""," ""Weight(lbs)"""," ""Age"""
Name," ""Team"""," ""Position"""," ""Height(inches)"""," ""Weight(lbs)"""," ""Age"""
Name," ""Team"""," ""Position"""," ""Height(inches)"""," ""Weight(lbs)"""," ""Age"""
Name," ""Team"""," ""Position"""," ""Height(inches)"""," ""Weight(lbs)"""," ""Age"""
Name," ""Team"""," ""Position"""," ""Height(inches)"""," ""Weight(lbs)"""," ""Age"""
Name," ""Team"""," ""Position"""," ""Height(inches)"""," ""Weight(lbs)"""," ""Age"""
Name," ""Team"""," ""Position"""," ""Height(inches)"""," ""Weight(lbs)"""," ""Age"""
Name," ""Team"""," ""Position"""," ""Height(inches)"""," ""Weight(lbs)"""," ""Age"""
Name," ""Team"""," ""Position"""," ""Height(inches)"""," ""Weight(lbs)"""," ""Age"""
Name," ""Team"""," ""Position"""," ""Height(inches)"""," ""Weight(lbs)"""," ""Age"""
Name," ""Team"""," ""Position"""," ""Height(inches)"""," ""Weight(lbs)"""," ""Age"""
Name," ""Team"""," ""Position"""," ""Height(inches)"""," ""Weight(lbs)"""," ""Age"""
Name," ""Team"""," ""Position"""," ""Height(inches)"""," ""Weight(lbs)"""," ""Age"""
Name," ""Team"""," ""Position"""," ""Height(inches)"""," ""Weight(lbs)"""," ""Age"""
Name," ""Team"""," ""Position"""," ""Height(inches)"""," ""Weight(lbs)"""," ""Age"""
Name," ""Team"""," ""Position"""," ""Height(inches)"""," ""Weight(lbs)"""," ""Age"""
Name," ""Team"""," ""Position"""," ""Height(inches)"""," ""Weight(lbs)"""," ""Age"""
Name," ""Team"""," ""Position"""," ""Height(inches)"""," ""Weight(lbs)"""," ""Age"""
Name," ""Team"""," ""Position"""," ""Height(inches)"""," ""Weight(lbs)"""," ""Age"""
Name," ""Team"""," ""Position"""," ""Height(inches)"""," ""Weight(lbs)"""," ""Age"""
Name," ""Team"""," ""Position"""," ""Height(inches)"""," ""Weight(lbs)"""," ""Age"""
Name," ""Team"""," ""Position"""," ""Height(inches)"""," ""Weight(lbs)"""," ""Age"""
Name," ""Team"""," ""Position"""," ""Height(inches)"""," ""Weight(lbs)"""," ""Age"""
Name," ""Team"""," ""Position"""," ""Height(inches)"""," ""Weight(lbs)"""," ""Age"""
Name," ""Team"""," ""Position"""," ""Height(inches)"""," ""Weight(lbs)"""," ""Age"""
Name," ""Team"""," ""Position"""," ""Height(inches)"""," ""Weight(lbs)"""," ""Age"""
Name," ""Team"""," ""Position"""," ""Height(inches)"""," ""Weight(lbs)"""," ""Age"""
Name," ""Team"""," ""Position"""," ""Height(inches)"""," ""Weight(lbs)"""," ""Age"""
Name," ""Team"""," ""Position"""," ""Height(inches)"""," ""Weight(lbs)"""," ""Age"""
Name," ""Team"""," ""Position"""," ""Height(inches)"""," ""Weight(lbs)"""," ""Age"""
Name," ""Team"""," ""Position"""," ""Height(inches)"""," ""Weight(lbs)"""," ""Age"""
Name," ""Team"""," ""Position"""," ""Height(inches)"""," ""Weight(lbs)"""," ""Age"""
Name," ""Team"""," ""Position"""," ""Height(inches)"""," ""Weight(lbs)"""," ""Age"""
Name," ""Team"""," ""Position"""," ""Height(inches)"""," ""Weight(lbs)"""," ""Age"""
Name," ""Team"""," ""Position"""," ""Height(inches)"""," ""Weight(lbs)"""," ""Age"""
Name," ""Team"""," ""Position"""," ""Height(inches)"""," ""Weight(lbs)"""," ""Age"""
Name," ""Team"""," ""Position"""," ""Height(inches)"""," ""Weight(lbs)"""," ""Age"""
Name," ""Team"""," ""Position"""," ""Height(inches)"""," ""Weight(lbs)"""," ""Age"""
Name," ""Team"""," ""Position"""," ""Height(inches)"""," ""Weight(lbs)"""," ""Age"""
Name," ""Team"""," ""Position"""," ""Height(inches)"""," ""Weight(lbs)"""," ""Age"""
Name," ""Team"""," ""Position"""," ""Height(inches)"""," ""Weight(lbs)"""," ""Age"""
Name," ""Team"""," ""Position"""," ""Height(inches)"""," ""Weight(lbs)"""," ""Age"""
Name," ""Team"""," ""Position"""," ""Height(inches)"""," ""Weight(lbs)"""," ""Age"""
Name," ""Team"""," ""Position"""," ""Height(inches)"""," ""Weight(lbs)"""," ""Age"""
Name," ""Team"""," ""Position"""," ""Height(inches)"""," ""Weight(lbs)"""," ""Age"""
Name," ""Team"""," ""Position"""," ""Height(inches)"""," ""Weight(lbs)"""," ""Age"""
Name," ""Team"""," ""Position"""," ""Height(inches)"""," ""Weight(lbs)"""," ""Age"""
Name," ""Team"""," ""Position"""," ""Height(inches)"""," ""Weight(lbs)"""," ""Age"""
Name," ""Team"""," ""Position"""," ""Height(inches)"""," ""Weight(lbs)"""," ""Age"""
Name," ""Team"""," ""Position"""," ""Height(inches)"""," ""Weight(lbs)"""," ""Age"""
Name," ""Team"""," ""Position"""," ""Height(inches)"""," ""Weight(lbs)"""," ""Age"""
Name," ""Team"""," ""Position"""," ""Height(inches)"""," ""Weight(lbs)"""," ""Age"""
Name," ""Team"""," ""Position"""," ""Height(inches)"""," ""Weight(lbs)"""," ""Age"""
Name," ""Team"""," ""Position"""," ""Height(inches)"""," ""Weight(lbs)"""," ""Age"""
Name," ""Team"""," ""Position"""," ""Height(inches)"""," ""Weight(lbs)"""," ""Age"""
Name," ""Team"""," ""Position"""," ""Height(inches)"""," ""Weight(lbs)"""," ""Age"""
Name," ""Team"""," ""Position"""," ""Height(inches)"""," ""Weight(lbs)"""," ""Age"""
Name," ""Team"""," ""Position"""," ""Height(inches)"""," ""Weight(lbs)"""," ""Age"""
Name," ""Team"""," ""Position"""," ""Height(inches)"""," ""Weight(lbs)"""," ""Age"""
Name," ""Team"""," ""Position"""," ""Height(inches)"""," ""Weight(lbs)"""," ""Age"""
Name," ""Team"""," ""Position"""," ""Height(inches)"""," ""Weight(lbs)"""," ""Age"""
Name," ""Team"""," ""Position"""," ""Height(inches)"""," ""Weight(lbs)"""," ""Age"""
Name," ""Team"""," ""Position"""," ""Height(inches)"""," ""Weight(lbs)"""," ""Age"""
Name," ""Team"""," ""Position"""," ""Height(inches)"""," ""Weight(lbs)"""," ""Age"""
Name," ""Team"""," ""Position"""," ""Height(inches)"""," ""Weight(lbs)"""," ""Age"""
Name," ""Team"""," ""Position"""," ""Height(inches)"""," ""Weight(lbs)"""," ""Age"""
Name," ""Team"""," ""Position"""," ""Height(inches)"""," ""Weight(lbs)"""," ""Age"""
Name," ""Team"""," ""Position"""," ""Height(inches)"""," ""Weight(lbs)"""," ""Age"""
Name," ""Team"""," ""Position"""," ""Height(inches)"""," ""Weight(lbs)"""," ""Age"""
Name," ""Team"""," ""Position"""," ""Height(inches)"""," ""Weight(lbs)"""," ""Age"""
Name," ""Team"""," ""Position"""," ""Height(inches)"""," ""Weight(lbs)"""," ""Age"""
Name," ""Team"""," ""Position"""," ""Height(inches)"""," ""Weight(lbs)"""," ""Age"""
Name," ""Team"""," ""Position"""," ""Height(inches)"""," ""Weight(lbs)"""," ""Age"""
Name," ""Team"""," ""Position"""," ""Height(inches)"""," ""Weight(lbs)"""," ""Age"""
Name," ""Team"""," ""Position"""," ""Height(inches)"""," ""Weight(lbs)"""," ""Age"""
Name," ""Team"""," ""Position"""," ""Height(inches)"""," ""Weight(lbs)"""," ""Age"""
Name," ""Team"""," ""Position"""," ""Height(inches)"""," ""Weight(lbs)"""," ""Age"""
Name," ""Team"""," ""Position"""," ""Height(inches)"""," ""Weight(lbs)"""," ""Age"""
Name," ""Team"""," ""Position"""," ""Height(inches)"""," ""Weight(lbs)"""," ""Age"""
Name," ""Team"""," ""Position"""," ""Height(inches)"""," ""Weight(lbs)"""," ""Age"""
Name," ""Team"""," ""Position"""," ""Height(inches)"""," ""Weight(lbs)"""," ""Age"""
Name," ""Team"""," ""Position"""," ""Height(inches)"""," ""Weight(lbs)"""," ""Age"""
Name," ""Team"""," ""Position"""," ""Height(inches)"""," ""Weight(lbs)"""," ""Age"""
Name," ""Team"""," ""Position"""," ""Height(inches)"""," ""Weight(lbs)"""," ""Age"""
Name," ""Team"""," ""Position"""," ""Height(inches)"""," ""Weight(lbs)"""," ""Age"""
Name," ""Team"""," ""Position"""," ""Height(inches)"""," ""Weight(lbs)"""," ""Age"""
Name," ""Team"""," ""Position"""," ""Height(inches)"""," ""Weight(lbs)"""," ""Age"""
Name," ""Team"""," ""Position"""," ""Height(inches)"""," ""Weight(lbs)"""," ""Age"""
Name," ""Team"""," ""Position"""," ""Height(inches)"""," ""Weight(lbs)"""," ""Age"""
Name," ""Team"""," ""Position"""," ""Height(inches)"""," ""Weight(lbs)"""," ""Age"""
Name," ""Team"""," ""Position"""," ""Height(inches)"""," ""Weight(lbs)"""," ""Age"""
Name," ""Team"""," ""Position"""," ""Height(inches)"""," ""Weight(lbs)"""," ""Age"""
Name," ""Team"""," ""Position"""," ""Height(inches)"""," ""Weight(lbs)"""," ""Age"""
Name," ""Team"""," ""Position"""," ""Height(inches)"""," ""Weight(lbs)"""," ""Age"""
Name," ""Team"""," ""Position"""," ""Height(inches)"""," ""Weight(lbs)"""," ""Age"""
Name," ""Team"""," ""Position"""," ""Height(inches)"""," ""Weight(lbs)"""," ""Age"""
Name," ""Team"""," ""Position"""," ""Height(inches)"""," ""Weight(lbs)"""," ""Age"""
Name," ""Team"""," ""Position"""," ""Height(inches)"""," ""Weight(lbs)"""," ""Age"""
Name," ""Team"""," ""Position"""," ""Height(inches)"""," ""Weight(lbs)"""," ""Age"""
Name," ""Team"""," ""Position"""," ""Height(inches)"""," ""Weight(lbs)"""," ""Age"""
Name," ""Team"""," ""Position"""," ""Height(inches)"""," ""Weight(lbs)"""," ""Age"""
Name," ""Team"""," ""Position"""," ""Height(inches)"""," ""Weight(lbs)"""," ""Age"""
Name," ""Team"""," ""Position"""," ""Height(inches)"""," ""Weight(lbs)"""," ""Age"""
Name," ""Team"""," ""Position"""," ""Height(inches)"""," ""Weight(lbs)"""," ""Age"""
Name," ""Team"""," ""Position"""," ""Height(inches)"""," ""Weight(lbs)"""," ""Age"""
Name," ""Team"""," ""Position"""," ""Height(inches)"""," ""Weight(lbs)"""," ""Age"""
Name," ""Team"""," ""Position"""," ""Height(inches)"""," ""Weight(lbs)"""," ""Age"""
Name," ""Team"""," ""Position"""," ""Height(inches)"""," ""Weight(lbs)"""," ""Age"""
Name," ""Team"""," ""Position"""," ""Height(inches)"""," ""Weight(lbs)"""," ""Age"""
Name," ""Team"""," ""Position"""," ""Height(inches)"""," ""Weight(lbs)"""," ""Age"""
Name," ""Team"""," ""Position"""," ""Height(inches)"""," ""Weight(lbs)"""," ""Age"""
Name," ""Team"""," ""Position"""," ""Height(inches)"""," ""Weight(lbs)"""," ""Age"""
Name," ""Team"""," ""Position"""," ""Height(inches)"""," ""Weight(lbs)"""," ""Age"""
Name," ""Team"""," ""Position"""," ""Height(inches)"""," ""Weight(lbs)"""," ""Age"""
Name," ""Team"""," ""Position"""," ""Height(inches)"""," ""Weight(lbs)"""," ""Age"""
Name," ""Team"""," ""Position"""," ""Height(inches)"""," ""Weight(lbs)"""," ""Age"""
Name," ""Team"""," ""Position"""," ""Height(inches)"""," ""Weight(lbs)"""," ""Age"""
Name," ""Team"""," ""Position"""," ""Height(inches)"""," ""Weight(lbs)"""," ""Age"""
Name," ""Team"""," ""Position"""," ""Height(inches)"""," ""Weight(lbs)"""," ""Age"""
Name," ""Team"""," ""Position"""," ""Height(inches)"""," ""Weight(lbs)"""," ""Age"""
Name," ""Team"""," ""Position"""," ""Height(inches)"""," ""Weight(lbs)"""," ""Age"""
Name," ""Team"""," ""Position"""," ""Height(inches)"""," ""Weight(lbs)"""," ""Age"""
Name," ""Team"""," ""Position"""," ""Height(inches)"""," ""Weight(lbs)"""," ""Age"""
Name," ""Team"""," ""Position"""," ""Height(inches)"""," ""Weight(lbs)"""," ""Age"""
Name," ""Team"""," ""Position"""," ""Height(inches)"""," ""Weight(lbs)"""," ""Age"""
Name," ""Team"""," ""Position"""," ""Height(inches)"""," ""Weight(lbs)"""," ""Age"""
Name," ""Team"""," ""Position"""," ""Height(inches)"""," ""Weight(lbs)"""," ""Age"""
Name," ""Team"""," ""Position"""," ""Height(inches)"""," ""Weight(lbs)"""," ""Age"""
Name," ""Team"""," ""Position"""," ""Height(inches)"""," ""Weight(lbs)"""," ""Age"""
Name," ""Team"""," ""Position"""," ""Height(inches)"""," ""Weight(lbs)"""," ""Age"""
Name," ""Team"""," ""Position"""," ""Height(inches)"""," ""Weight(lbs)"""," ""Age"""
Name," ""Team"""," ""Position"""," ""Height(inches)"""," ""Weight(lbs)"""," ""Age"""
Name," ""Team"""," ""Position"""," ""Height(inches)"""," ""Weight(lbs)"""," ""Age"""
Name," ""Team"""," ""Position"""," ""Height(inches)"""," ""Weight(lbs)"""," ""Age"""
Name," ""Team"""," ""Position"""," ""Height(inches)"""," ""Weight(lbs)"""," ""Age"""
Name," ""Team"""," ""Position"""," ""Height(inches)"""," ""Weight(lbs)"""," ""Age"""
Name," ""Team"""," ""Position"""," ""Height(inches)"""," ""Weight(lbs)"""," ""Age"""
Name," ""Team"""," ""Position"""," ""Height(inches)"""," ""Weight(lbs)"""," ""Age"""
Name," ""Team"""," ""Position"""," ""Height(inches)"""," ""Weight(lbs)"""," ""Age"""
Name," ""Team"""," ""Position"""," ""Height(inches)"""," ""Weight(lbs)"""," ""Age"""
Name," ""Team"""," ""Position"""," ""Height(inches)"""," ""Weight(lbs)"""," ""Age"""
Name," ""Team"""," ""Position"""," ""Height(inches)"""," ""Weight(lbs)"""," ""Age"""
Name," ""Team"""," ""Position"""," ""Height(inches)"""," ""Weight(lbs)"""," ""Age"""
Name," ""Team"""," ""Position"""," ""Height(inches)"""," ""Weight(lbs)"""," ""Age"""
Name," ""Team"""," ""Position"""," ""Height(inches)"""," ""Weight(lbs)"""," ""Age"""
Name," ""Team"""," ""Position"""," ""Height(inches)"""," ""Weight(lbs)"""," ""Age"""
Name," ""Team"""," ""Position"""," ""Height(inches)"""," ""Weight(lbs)"""," ""Age"""
Name," ""Team"""," ""Position"""," ""Height(inches)"""," ""Weight(lbs)"""," ""Age"""
Name," ""Team"""," ""Position"""," ""Height(inches)"""," ""Weight(lbs)"""," ""Age"""
Name," ""Team"""," ""Position"""," ""Height(inches)"""," ""Weight(lbs)"""," ""Age"""
Name," ""Team"""," ""Position"""," ""Height(inches)"""," ""Weight(lbs)"""," ""Age"""
Name," ""Team"""," ""Position"""," ""Height(inches)"""," ""Weight(lbs)"""," ""Age"""
Name," ""Team"""," ""Position"""," ""Height(inches)"""," ""Weight(lbs)"""," ""Age"""
Name," ""Team"""," ""Position"""," ""Height(inches)"""," ""Weight(lbs)"""," ""Age"""
Name," ""Team"""," ""Position"""," ""Height(inches)"""," ""Weight(lbs)"""," ""Age"""
Name," ""Team"""," ""Position"""," ""Height(inches)"""," ""Weight(lbs)"""," ""Age"""
Name," ""Team"""," ""Position"""," ""Height(inches)"""," ""Weight(lbs)"""," ""Age"""
Name," ""Team"""," ""Position"""," ""Height(inches)"""," ""Weight(lbs)"""," ""Age"""
Name," ""Team"""," ""Position"""," ""Height(inches)"""," ""Weight(lbs)"""," ""Age"""
Name," ""Team"""," ""Position"""," ""Height(inches)"""," ""Weight(lbs)"""," ""Age"""
Name," ""Team"""," ""Position"""," ""Height(inches)"""," ""Weight(lbs)"""," ""Age"""
Name," ""Team"""," ""Position"""," ""Height(inches)"""," ""Weight(lbs)"""," ""Age"""
Name," ""Team"""," ""Position"""," ""Height(inches)"""," ""Weight(lbs)"""," ""Age"""
Name," ""Team"""," ""Position"""," ""Height(inches)"""," ""Weight(lbs)"""," ""Age"""
Name," ""Team"""," ""Position"""," ""Height(inches)"""," ""Weight(lbs)"""," ""Age"""
Name," ""Team"""," ""Position"""," ""Height(inches)"""," ""Weight(lbs)"""," ""Age"""
Name," ""Team"""," ""Position"""," ""Height(inches)"""," ""Weight(lbs)"""," ""Age"""
Name," ""Team"""," ""Position"""," ""Height(inches)"""," ""Weight(lbs)"""," ""Age"""
Name," ""Team"""," ""Position"""," ""Height(inches)"""," ""Weight(lbs)"""," ""Age"""
Name," ""Team"""," ""Position"""," ""Height(inches)"""," ""Weight(lbs)"""," ""Age"""
Name," ""Team"""," ""Position"""," ""Height(inches)"""," ""Weight(lbs)"""," ""Age"""
Name," ""Team"""," ""Position"""," ""Height(inches)"""," ""Weight(lbs)"""," ""Age"""
Name," ""Team"""," ""Position"""," ""Height(inches)"""," ""Weight(lbs)"""," ""Age"""
Name," ""Team"""," ""Position"""," ""Height(inches)"""," ""Weight(lbs)"""," ""Age"""
Name," ""Team"""," ""Position"""," ""Height(inches)"""," ""Weight(lbs)"""," ""Age"""
Name," ""Team"""," ""Position"""," ""Height(inches)"""," ""Weight(lbs)"""," ""Age"""
Name," ""Team"""," ""Position"""," ""Height(inches)"""," ""Weight(lbs)"""," ""Age"""
Name," ""Team"""," ""Position"""," ""Height(inches)"""," ""Weight(lbs)"""," ""Age"""
Name," ""Team"""," ""Position"""," ""Height(inches)"""," ""Weight(lbs)"""," ""Age"""
Name," ""Team"""," ""Position"""," ""Height(inches)"""," ""Weight(lbs)"""," ""Age"""
Name," ""Team"""," ""Position"""," ""Height(inches)"""," ""Weight(lbs)"""," ""Age"""
Name," ""Team"""," ""Position"""," ""Height(inches)"""," ""Weight(lbs)"""," ""Age"""
Name," ""Team"""," ""Position"""," ""Height(inches)"""," ""Weight(lbs)"""," ""Age"""
Name," ""Team"""," ""Position"""," ""Height(inches)"""," ""Weight(lbs)"""," ""Age"""
Name," ""Team"""," ""Position"""," ""Height(inches)"""," ""Weight(lbs)"""," ""Age"""
Name," ""Team"""," ""Position"""," ""Height(inches)"""," ""Weight(lbs)"""," ""Age"""
Name," ""Team"""," ""Position"""," ""Height(inches)"""," ""Weight(lbs)"""," ""Age"""
Name," ""Team"""," ""Position"""," ""Height(inches)"""," ""Weight(lbs)"""," ""Age"""
Name," ""Team"""," ""Position"""," ""Height(inches)"""," ""Weight(lbs)"""," ""Age"""
Name," ""Team"""," ""Position"""," ""Height(inches)"""," ""Weight(lbs)"""," ""Age"""
Name," ""Team"""," ""Position"""," ""Height(inches)"""," ""Weight(lbs)"""," ""Age"""
Name," ""Team"""," ""Position"""," ""Height(inches)"""," ""Weight(lbs)"""," ""Age"""
Name," ""Team"""," ""Position"""," ""Height(inches)"""," ""Weight(lbs)"""," ""Age"""
Name," ""Team"""," ""Position"""," ""Height(inches)"""," ""Weight(lbs)"""," ""Age"""
Name," ""Team"""," ""Position"""," ""Height(inches)"""," ""Weight(lbs)"""," ""Age"""
Name," ""Team"""," ""Position"""," ""Height(inches)"""," ""Weight(lbs)"""," ""Age"""
Name," ""Team"""," ""Position"""," ""Height(inches)"""," ""Weight(lbs)"""," ""Age"""
Name," ""Team"""," ""Position"""," ""Height(inches)"""," ""Weight(lbs)"""," ""Age"""
Name," ""Team"""," ""Position"""," ""Height(inches)"""," ""Weight(lbs)"""," ""Age"""
Name," ""Team"""," ""Position"""," ""Height(inches)"""," ""Weight(lbs)"""," ""Age"""
Name," ""Team"""," ""Position"""," ""Height(inches)"""," ""Weight(lbs)"""," ""Age"""
Name," ""Team"""," ""Position"""," ""Height(inches)"""," ""Weight(lbs)"""," ""Age"""
Name," ""Team"""," ""Position"""," ""Height(inches)"""," ""Weight(lbs)"""," ""Age"""
Name," ""Team"""," ""Position"""," ""Height(inches)"""," ""Weight(lbs)"""," ""Age"""
Name," ""Team"""," ""Position"""," ""Height(inches)"""," ""Weight(lbs)"""," ""Age"""
Name," ""Team"""," ""Position"""," ""Height(inches)"""," ""Weight(lbs)"""," ""Age"""
Name," ""Team"""," ""Position"""," ""Height(inches)"""," ""Weight(lbs)"""," ""Age"""
Name," ""Team"""," ""Position"""," ""Height(inches)"""," ""Weight(lbs)"""," ""Age"""
Name," ""Team"""," ""Position"""," ""Height(inches)"""," ""Weight(lbs)"""," ""Age"""
Name," ""Team"""," ""Position"""," ""Height(inches)"""," ""Weight(lbs)"""," ""Age"""
Name," ""Team"""," ""Position"""," ""Height(inches)"""," ""Weight(lbs)"""," ""Age"""
Name," ""Team"""," ""Position"""," ""Height(inches)"""," ""Weight(lbs)"""," ""Age"""
Name," ""Team"""," ""Position"""," ""Height(inches)"""," ""Weight(lbs)"""," ""Age"""
Name," ""Team"""," ""Position"""," ""Height(inches)"""," ""Weight(lbs)"""," ""Age"""
Name," ""Team"""," ""Position"""," ""Height(inches)"""," ""Weight(lbs)"""," ""Age"""
Name," ""Team"""," ""Position"""," ""Height(inches)"""," ""Weight(lbs)"""," ""Age"""
Name," ""Team"""," ""Position"""," ""Height(inches)"""," ""Weight(lbs)"""," ""Age"""
Name," ""Team"""," ""Position"""," ""Height(inches)"""," ""Weight(lbs)"""," ""Age"""
Name," ""Team"""," ""Position"""," ""Height(inches)"""," ""Weight(lbs)"""," ""Age"""
Name," ""Team"""," ""Position"""," ""Height(inches)"""," ""Weight(lbs)"""," ""Age"""
Name," ""Team"""," ""Position"""," ""Height(inches)"""," ""Weight(lbs)"""," ""Age"""
Name," ""Team"""," ""Position"""," ""Height(inches)"""," ""Weight(lbs)"""," ""Age"""
Name," ""Team"""," ""Position"""," ""Height(inches)"""," ""Weight(lbs)"""," ""Age"""
Name," ""Team"""," ""Position"""," ""Height(inches)"""," ""Weight(lbs)"""," ""Age"""
Name," ""Team"""," ""Position"""," ""Height(inches)"""," ""Weight(lbs)"""," ""Age"""
Name," ""Team"""," ""Position"""," ""Height(inches)"""," ""Weight(lbs)"""," ""Age"""
Name," ""Team"""," ""Position"""," ""Height(inches)"""," ""Weight(lbs)"""," ""Age"""
Name," ""Team"""," ""Position"""," ""Height(inches)"""," ""Weight(lbs)"""," ""Age"""
Name," ""Team"""," ""Position"""," ""Height(inches)"""," ""Weight(lbs)"""," ""Age"""
Name," ""Team"""," ""Position"""," ""Height(inches)"""," ""Weight(lbs)"""," ""Age"""
Name," ""Team"""," ""Position"""," ""Height(inches)"""," ""Weight(lbs)"""," ""Age"""
Name," ""Team"""," ""Position"""," ""Height(inches)"""," ""Weight(lbs)"""," ""Age"""
Name," ""Team"""," ""Position"""," ""Height(inches)"""," ""Weight(lbs)"""," ""Age"""
Name," ""Team"""," ""Position"""," ""Height(inches)"""," ""Weight(lbs)"""," ""Age"""
Name," ""Team"""," ""Position"""," ""Height(inches)"""," ""Weight(lbs)"""," ""Age"""
Name," ""Team"""," ""Position"""," ""Height(inches)"""," ""Weight(lbs)"""," ""Age"""
Name," ""Team"""," ""Position"""," ""Height(inches)"""," ""Weight(lbs)"""," ""Age"""
Name," ""Team"""," ""Position"""," ""Height(inches)"""," ""Weight(lbs)"""," ""Age"""
Name," ""Team"""," ""Position"""," ""Height(inches)"""," ""Weight(lbs)"""," ""Age"""
Name," ""Team"""," ""Position"""," ""Height(inches)"""," ""Weight(lbs)"""," ""Age"""
Name," ""Team"""," ""Position"""," ""Height(inches)"""," ""Weight(lbs)"""," ""Age"""
Name," ""Team"""," ""Position"""," ""Height(inches)"""," ""Weight(lbs)"""," ""Age"""
Name," ""Team"""," ""Position"""," ""Height(inches)"""," ""Weight(lbs)"""," ""Age"""
Name," ""Team"""," ""Position"""," ""Height(inches)"""," ""Weight(lbs)"""," ""Age"""
Name," ""Team"""," ""Position"""," ""Height(inches)"""," ""Weight(lbs)"""," ""Age"""
Name," ""Team"""," ""Position"""," ""Height(inches)"""," ""Weight(lbs)"""," ""Age"""
Name," ""Team"""," ""Position"""," ""Height(inches)"""," ""Weight(lbs)"""," ""Age"""
Name," ""Team"""," ""Position"""," ""Height(inches)"""," ""Weight(lbs)"""," ""Age"""
Name," ""Team"""," ""Position"""," ""Height(inches)"""," ""Weight(lbs)"""," ""Age"""
Name," ""Team"""," ""Position"""," ""Height(inches)"""," ""Weight(lbs)"""," ""Age"""
Name," ""Team"""," ""Position"""," ""Height(inches)"""," ""Weight(lbs)"""," ""Age"""
Name," ""Team"""," ""Position"""," ""Height(inches)"""," ""Weight(lbs)"""," ""Age"""
Name," ""Team"""," ""Position"""," ""Height(inches)"""," ""Weight(lbs)"""," ""Age"""
Name," ""Team"""," ""Position"""," ""Height(inches)"""," ""Weight(lbs)"""," ""Age"""
Name," ""Team"""," ""Position"""," ""Height(inches)"""," ""Weight(lbs)"""," ""Age"""
Name," ""Team"""," ""Position"""," ""Height(inches)"""," ""Weight(lbs)"""," ""Age"""
Name," ""Team"""," ""Position"""," ""Height(inches)"""," ""Weight(lbs)"""," ""Age"""
Name," ""Team"""," ""Position"""," ""Height(inches)"""," ""Weight(lbs)"""," ""Age"""
Name," ""Team"""," ""Position"""," ""Height(inches)"""," ""Weight(lbs)"""," ""Age"""
Name," ""Team"""," ""Position"""," ""Height(inches)"""," ""Weight(lbs)"""," ""Age"""
Name," ""Team"""," ""Position"""," ""Height(inches)"""," ""Weight(lbs)"""," ""Age"""
Name," ""Team"""," ""Position"""," ""Height(inches)"""," ""Weight(lbs)"""," ""Age"""
Name," ""Team"""," ""Position"""," ""Height(inches)"""," ""Weight(lbs)"""," ""Age"""
Name," ""Team"""," ""Position"""," ""Height(inches)"""," ""Weight(lbs)"""," ""Age"""
Name," ""Team"""," ""Position"""," ""Height(inches)"""," ""Weight(lbs)"""," ""Age"""
Name," ""Team"""," ""Position"""," ""Height(inches)"""," ""Weight(lbs)"""," ""Age"""
Name," ""Team"""," ""Position"""," ""Height(inches)"""," ""Weight(lbs)"""," ""Age"""
Name," ""Team"""," ""Position"""," ""Height(inches)"""," ""Weight(lbs)"""," ""Age"""
Name," ""Team"""," ""Position"""," ""Height(inches)"""," ""Weight(lbs)"""," ""Age"""
Name," ""Team"""," ""Position"""," ""Height(inches)"""," ""Weight(lbs)"""," ""Age"""
Name," ""Team"""," ""Position"""," ""Height(inches)"""," ""Weight(lbs)"""," ""Age"""
Name," ""Team"""," ""Position"""," ""Height(inches)"""," ""Weight(lbs)"""," ""Age"""
Name," ""Team"""," ""Position"""," ""Height(inches)"""," ""Weight(lbs)"""," ""Age"""
Name," ""Team"""," ""Position"""," ""Height(inches)"""," ""Weight(lbs)"""," ""Age"""
Name," ""Team"""," ""Position"""," ""Height(inches)"""," ""Weight(lbs)"""," ""Age"""
Name," ""Team"""," ""Position"""," ""Height(inches)"""," ""Weight(lbs)"""," ""Age"""
Name," ""Team"""," ""Position"""," ""Height(inches)"""," ""Weight(lbs)"""," ""Age"""
Name," ""Team"""," ""Position"""," ""Height(inches)"""," ""Weight(lbs)"""," ""Age"""
Name," ""Team"""," ""Position"""," ""Height(inches)"""," ""Weight(lbs)"""," ""Age"""
Name," ""Team"""," ""Position"""," ""Height(inches)"""," ""Weight(lbs)"""," ""Age"""
Name," ""Team"""," ""Position"""," ""Height(inches)"""," ""Weight(lbs)"""," ""Age"""
Name," ""Team"""," ""Position"""," ""Height(inches)"""," ""Weight(lbs)"""," ""Age"""
Name," ""Team"""," ""Position"""," ""Height(inches)"""," ""Weight(lbs)"""," ""Age"""
Name," ""Team"""," ""Position"""," ""Height(inches)"""," ""Weight(lbs)"""," ""Age"""
Name," ""Team"""," ""Position"""," ""Height(inches)"""," ""Weight(lbs)"""," ""Age"""
Name," ""Team"""," ""Position"""," ""Height(inches)"""," ""Weight(lbs)"""," ""Age"""
Name," ""Team"""," ""Position"""," ""Height(inches)"""," ""Weight(lbs)"""," ""Age"""
Name," ""Team"""," ""Position"""," ""Height(inches)"""," ""Weight(lbs)"""," ""Age"""
Name," ""Team"""," ""Position"""," ""Height(inches)"""," ""Weight(lbs)"""," ""Age"""
Name," ""Team"""," ""Position"""," ""Height(inches)"""," ""Weight(lbs)"""," ""Age"""
Name," ""Team"""," ""Position"""," ""Height(inches)"""," ""Weight(lbs)"""," ""Age"""
Name," ""Team"""," ""Position"""," ""Height(inches)"""," ""Weight(lbs)"""," ""Age"""
Name," ""Team"""," ""Position"""," ""Height(inches)"""," ""Weight(lbs)"""," ""Age"""
Name," ""Team"""," ""Position"""," ""Height(inches)"""," ""Weight(lbs)"""," ""Age"""
Name," ""Team"""," ""Position"""," ""Height(inches)"""," ""Weight(lbs)"""," ""Age"""
Name," ""Team"""," ""Position"""," ""Height(inches)"""," ""Weight(lbs)"""," ""Age"""
Name," ""Team"""," ""Position"""," ""Height(inches)"""," ""Weight(lbs)"""," ""Age"""
Name," ""Team"""," ""Position"""," ""Height(inches)"""," ""Weight(lbs)"""," ""Age"""
Name," ""Team"""," ""Position"""," ""Height(inches)"""," ""Weight(lbs)"""," ""Age"""
Name," ""Team"""," ""Position"""," ""Height(inches)"""," ""Weight(lbs)"""," ""Age"""
Name," ""Team"""," ""Position"""," ""Height(inches)"""," ""Weight(lbs)"""," ""Age"""
Name," ""Team"""," ""Position"""," ""Height(inches)"""," ""Weight(lbs)"""," ""Age"""
Name," ""Team"""," ""Position"""," ""Height(inches)"""," ""Weight(lbs)"""," ""Age"""
Name," ""Team"""," ""Position"""," ""Height(inches)"""," ""Weight(lbs)"""," ""Age"""
Name," ""Team"""," ""Position"""," ""Height(inches)"""," ""Weight(lbs)"""," ""Age"""
Name," ""Team"""," ""Position"""," ""Height(inches)"""," ""Weight(lbs)"""," ""Age"""
Name," ""Team"""," ""Position"""," ""Height(inches)"""," ""Weight(lbs)"""," ""Age"""
Name," ""Team"""," ""Position"""," ""Height(inches)"""," ""Weight(lbs)"""," ""Age"""
Name," ""Team"""," ""Position"""," ""Height(inches)"""," ""Weight(lbs)"""," ""Age"""
Name," ""Team"""," ""Position"""," ""Height(inches)"""," ""Weight(lbs)"""," ""Age"""
Name," ""Team"""," ""Position"""," ""Height(inches)"""," ""Weight(lbs)"""," ""Age"""
Name," ""Team"""," ""Position"""," ""Height(inches)"""," ""Weight(lbs)"""," ""Age"""
Name," ""Team"""," ""Position"""," ""Height(inches)"""," ""Weight(lbs)"""," ""Age"""
Name," ""Team"""," ""Position"""," ""Height(inches)"""," ""Weight(lbs)"""," ""Age"""
Name," ""Team"""," ""Position"""," ""Height(inches)"""," ""Weight(lbs)"""," ""Age"""
Name," ""Team"""," ""Position"""," ""Height(inches)"""," ""Weight(lbs)"""," ""Age"""
Name," ""Team"""," ""Position"""," ""Height(inches)"""," ""Weight(lbs)"""," ""Age"""
Name," ""Team"""," ""Position"""," ""Height(inches)"""," ""Weight(lbs)"""," ""Age"""
Name," ""Team"""," ""Position"""," ""Height(inches)"""," ""Weight(lbs)"""," ""Age"""
Name," ""Team"""," ""Position"""," ""Height(inches)"""," ""Weight(lbs)"""," ""Age"""
Name," ""Team"""," ""Position"""," ""Height(inches)"""," ""Weight(lbs)"""," ""Age"""
Name," ""Team"""," ""Position"""," ""Height(inches)"""," ""Weight(lbs)"""," ""Age"""
Name," ""Team"""," ""Position"""," ""Height(inches)"""," ""Weight(lbs)"""," ""Age"""
Name," ""Team"""," ""Position"""," ""Height(inches)"""," ""Weight(lbs)"""," ""Age"""
Name," ""Team"""," ""Position"""," ""Height(inches)"""," ""Weight(lbs)"""," ""Age"""
Name," ""Team"""," ""Position"""," ""Height(inches)"""," ""Weight(lbs)"""," ""Age"""
Name," ""Team"""," ""Position"""," ""Height(inches)"""," ""Weight(lbs)"""," ""Age"""
Name," ""Team"""," ""Position"""," ""Height(inches)"""," ""Weight(lbs)"""," ""Age"""
Name," ""Team"""," ""Position"""," ""Height(inches)"""," ""Weight(lbs)"""," ""Age"""
Name," ""Team"""," ""Position"""," ""Height(inches)"""," ""Weight(lbs)"""," ""Age"""
Name," ""Team"""," ""Position"""," ""Height(inches)"""," ""Weight(lbs)"""," ""Age"""
Name," ""Team"""," ""Position"""," ""Height(inches)"""," ""Weight(lbs)"""," ""Age"""
Name," ""Team"""," ""Position"""," ""Height(inches)"""," ""Weight(lbs)"""," ""Age"""
Name," ""Team"""," ""Position"""," ""Height(inches)"""," ""Weight(lbs)"""," ""Age"""
Name," ""Team"""," ""Position"""," ""Height(inches)"""," ""Weight(lbs)"""," ""Age"""
Name," ""Team"""," ""Position"""," ""Height(inches)"""," ""Weight(lbs)"""," ""Age"""
Name," ""Team"""," ""Position"""," ""Height(inches)"""," ""Weight(lbs)"""," ""Age"""
Name," ""Team"""," ""Position"""," ""Height(inches)"""," ""Weight(lbs)"""," ""Age"""
Name," ""Team"""," ""Position"""," ""Height(inches)"""," ""Weight(lbs)"""," ""Age"""
Name," ""Team"""," ""Position"""," ""Height(inches)"""," ""Weight(lbs)"""," ""Age"""
Name," ""Team"""," ""Position"""," ""Height(inches)"""," ""Weight(lbs)"""," ""Age"""
Name," ""Team"""," ""Position"""," ""Height(inches)"""," ""Weight(lbs)"""," ""Age"""
Name," ""Team"""," ""Position"""," ""Height(inches)"""," ""Weight(lbs)"""," ""Age"""
Name," ""Team"""," ""Position"""," ""Height(inches)"""," ""Weight(lbs)"""," ""Age"""
Name," ""Team"""," ""Position"""," ""Height(inches)"""," ""Weight(lbs)"""," ""Age"""
Name," ""Team"""," ""Position"""," ""Height(inches)"""," ""Weight(lbs)"""," ""Age"""
Name," ""Team"""," ""Position"""," ""Height(inches)"""," ""Weight(lbs)"""," ""Age"""
Name," ""Team"""," ""Position"""," ""Height(inches)"""," ""Weight(lbs)"""," ""Age"""
Name," ""Team"""," ""Position"""," ""Height(inches)"""," ""Weight(lbs)"""," ""Age"""
Name," ""Team"""," ""Position"""," ""Height(inches)"""," ""Weight(lbs)"""," ""Age"""
Name," ""Team"""," ""Position"""," ""Height(inches)"""," ""Weight(lbs)"""," ""Age"""
Name," ""Team"""," ""Position"""," ""Height(inches)"""," ""Weight(lbs)"""," ""Age"""
Name," ""Team"""," ""Position"""," ""Height(inches)"""," ""Weight(lbs)"""," ""Age"""
Name," ""Team"""," ""Position"""," ""Height(inches)"""," ""Weight(lbs)"""," ""Age"""
Name," ""Team"""," ""Position"""," ""Height(inches)"""," ""Weight(lbs)"""," ""Age"""
Name," ""Team"""," ""Position"""," ""Height(inches)"""," ""Weight(lbs)"""," ""Age"""
Name," ""Team"""," ""Position"""," ""Height(inches)"""," ""Weight(lbs)"""," ""Age"""
Name," ""Team"""," ""Position"""," ""Height(inches)"""," ""Weight(lbs)"""," ""Age"""
Name," ""Team"""," ""Position"""," ""Height(inches)"""," ""Weight(lbs)"""," ""Age"""
Name," ""Team"""," ""Position"""," ""Height(inches)"""," ""Weight(lbs)"""," ""Age"""
Name," ""Team"""," ""Position"""," ""Height(inches)"""," ""Weight(lbs)"""," ""Age"""
Name," ""Team"""," ""Position"""," ""Height(inches)"""," ""Weight(lbs)"""," ""Age"""
Name," ""Team"""," ""Position"""," ""Height(inches)"""," ""Weight(lbs)"""," ""Age"""
Name," ""Team"""," ""Position"""," ""Height(inches)"""," ""Weight(lbs)"""," ""Age"""
Name," ""Team"""," ""Position"""," ""Height(inches)"""," ""Weight(lbs)"""," ""Age"""
Name," ""Team"""," ""Position"""," ""Height(inches)"""," ""Weight(lbs)"""," ""Age"""
Name," ""Team"""," ""Position"""," ""Height(inches)"""," ""Weight(lbs)"""," ""Age"""
Name," ""Team"""," ""Position"""," ""Height(inches)"""," ""Weight(lbs)"""," ""Age"""
Name," ""Team"""," ""Position"""," ""Height(inches)"""," ""Weight(lbs)"""," ""Age"""
Name," ""Team"""," ""Position"""," ""Height(inches)"""," ""Weight(lbs)"""," ""Age"""
Name," ""Team"""," ""Position"""," ""Height(inches)"""," ""Weight(lbs)"""," ""Age"""
Name," ""Team"""," ""Position"""," ""Height(inches)"""," ""Weight(lbs)"""," ""Age"""
Name," ""Team"""," ""Position"""," ""Height(inches)"""," ""Weight(lbs)"""," ""Age"""
Name," ""Team"""," ""Position"""," ""Height(inches)"""," ""Weight(lbs)"""," ""Age"""
Name," ""Team"""," ""Position"""," ""Height(inches)"""," ""Weight(lbs)"""," ""Age"""
Name," ""Team"""," ""Position"""," ""Height(inches)"""," ""Weight(lbs)"""," ""Age"""
Name," ""Team"""," ""Position"""," ""Height(inches)"""," ""Weight(lbs)"""," ""Age"""
Name," ""Team"""," ""Position"""," ""Height(inches)"""," ""Weight(lbs)"""," ""Age"""
Name," ""Team"""," ""Position"""," ""Height(inches)"""," ""Weight(lbs)"""," ""Age"""
Name," ""Team"""," ""Position"""," ""Height(inches)"""," ""Weight(lbs)"""," ""Age"""
Name," ""Team"""," ""Position"""," ""Height(inches)"""," ""Weight(lbs)"""," ""Age"""
Name," ""Team"""," ""Position"""," ""Height(inches)"""," ""Weight(lbs)"""," ""Age"""
Name," ""Team"""," ""Position"""," ""Height(inches)"""," ""Weight(lbs)"""," ""Age"""
Name," ""Team"""," ""Position"""," ""Height(inches)"""," ""Weight(lbs)"""," ""Age"""
Name," ""Team"""," ""Position"""," ""Height(inches)"""," ""Weight(lbs)"""," ""Age"""
Name," ""Team"""," ""Position"""," ""Height(inches)"""," ""Weight(lbs)"""," ""Age"""
Name," ""Team"""," ""Position"""," ""Height(inches)"""," ""Weight(lbs)"""," ""Age"""
Name," ""Team"""," ""Position"""," ""Height(inches)"""," ""Weight(lbs)"""," ""Age"""
Name," ""Team"""," ""Position"""," ""Height(inches)"""," ""Weight(lbs)"""," ""Age"""
Name," ""Team"""," ""Position"""," ""Height(inches)"""," ""Weight(lbs)"""," ""Age"""
Name," ""Team"""," ""Position"""," ""Height(inches)"""," ""Weight(lbs)"""," ""Age"""
Name," ""Team"""," ""Position"""," ""Height(inches)"""," ""Weight(lbs)"""," ""Age"""
Name," ""Team"""," ""Position"""," ""Height(inches)"""," ""Weight(lbs)"""," ""Age"""
Name," ""Team"""," ""Position"""," ""Height(inches)"""," ""Weight(lbs)"""," ""Age"""
Name," ""Team"""," ""Position"""," ""Height(inches)"""," ""Weight(lbs)"""," ""Age"""
Name," ""Team"""," ""Position"""," ""Height(inches)"""," ""Weight(lbs)"""," ""Age"""
Name," ""Team"""," ""Position"""," ""Height(inches)"""," ""Weight(lbs)"""," ""Age"""
Name," ""Team"""," ""Position"""," ""Height(inches)"""," ""Weight(lbs)"""," ""Age"""
Name," ""Team"""," ""Position"""," ""Height(inches)"""," ""Weight(lbs)"""," ""Age"""
Name," ""Team"""," ""Position"""," ""Height(inches)"""," ""Weight(lbs)"""," ""Age"""
Name," ""Team"""," ""Position"""," ""Height(inches)"""," ""Weight(lbs)"""," ""Age"""
Name," ""Team"""," ""Position"""," ""Height(inches)"""," ""Weight(lbs)"""," ""Age"""
Name," ""Team"""," ""Position"""," ""Height(inches)"""," ""Weight(lbs)"""," ""Age"""
Name," ""Team"""," ""Position"""," ""Height(inches)"""," ""Weight(lbs)"""," ""Age"""
Name," ""Team"""," ""Position"""," ""Height(inches)"""," ""Weight(lbs)"""," ""Age"""
Name," ""Team"""," ""Position"""," ""Height(inches)"""," ""Weight(lbs)"""," ""Age"""
Name," ""Team"""," ""Position"""," ""Height(inches)"""," ""Weight(lbs)"""," ""Age"""
Name," ""Team"""," ""Position"""," ""Height(inches)"""," ""Weight(lbs)"""," ""Age"""
Name," ""Team"""," ""Position"""," ""Height(inches)"""," ""Weight(lbs)"""," ""Age"""
Name," ""Team"""," ""Position"""," ""Height(inches)"""," ""Weight(lbs)"""," ""Age"""
Name," ""Team"""," ""Position"""," ""Height(inches)"""," ""Weight(lbs)"""," ""Age"""
Name," ""Team"""," ""Position"""," ""Height(inches)"""," ""Weight(lbs)"""," ""Age"""
Name," ""Team"""," ""Position"""," ""Height(inches)"""," ""Weight(lbs)"""," ""Age"""
Name," ""Team"""," ""Position"""," ""Height(inches)"""," ""Weight(lbs)"""," ""Age"""
Name," ""Team"""," ""Position"""," ""Height(inches)"""," ""Weight(lbs)"""," ""Age"""
Name," ""Team"""," ""Position"""," ""Height(inches)"""," ""Weight(lbs)"""," ""Age"""
Name," ""Team"""," ""Position"""," ""Height(inches)"""," ""Weight(lbs)"""," ""Age"""
Name," ""Team"""," ""Position"""," ""Height(inches)"""," ""Weight(lbs)"""," ""Age"""
Name," ""Team"""," ""Position"""," ""Height(inches)"""," ""Weight(lbs)"""," ""Age"""
Name," ""Team"""," ""Position"""," ""Height(inches)"""," ""Weight(lbs)"""," ""Age"""
Name," ""Team"""," ""Position"""," ""Height(inches)"""," ""Weight(lbs)"""," ""Age"""
Name," ""Team"""," ""Position"""," ""Height(inches)"""," ""Weight(lbs)"""," ""Age"""
Name," ""Team"""," ""Position"""," ""Height(inches)"""," ""Weight(lbs)"""," ""Age"""
Name," ""Team"""," ""Position"""," ""Height(inches)"""," ""Weight(lbs)"""," ""Age"""
Name," ""Team"""," ""Position"""," ""Height(inches)"""," ""Weight(lbs)"""," ""Age"""
Name," ""Team"""," ""Position"""," ""Height(inches)"""," ""Weight(lbs)"""," ""Age"""
Name," ""Team"""," ""Position"""," ""Height(inches)"""," ""Weight(lbs)"""," ""Age"""
Name," ""Team"""," ""Position"""," ""Height(inches)"""," ""Weight(lbs)"""," ""Age"""
Name," ""Team"""," ""Position"""," ""Height(inches)"""," ""Weight(lbs)"""," ""Age"""
Name," ""Team"""," ""Position"""," ""Height(inches)"""," ""Weight(lbs)"""," ""Age"""
Name," ""Team"""," ""Position"""," ""Height(inches)"""," ""Weight(lbs)"""," ""Age"""
Name," ""Team"""," ""Position"""," ""Height(inches)"""," ""Weight(lbs)"""," ""Age"""
Name," ""Team"""," ""Position"""," ""Height(inches)"""," ""Weight(lbs)"""," ""Age"""
Name," ""Team"""," ""Position"""," ""Height(inches)"""," ""Weight(lbs)"""," ""Age"""
Name," ""Team"""," ""Position"""," ""Height(inches)"""," ""Weight(lbs)"""," ""Age"""
Name," ""Team"""," ""Position"""," ""Height(inches)"""," ""Weight(lbs)"""," ""Age"""
Name," ""Team"""," ""Position"""," ""Height(inches)"""," ""Weight(lbs)"""," ""Age"""
Name," ""Team"""," ""Position"""," ""Height(inches)"""," ""Weight(lbs)"""," ""Age"""
Name," ""Team"""," ""Position"""," ""Height(inches)"""," ""Weight(lbs)"""," ""Age"""
Name," ""Team"""," ""Position"""," ""Height(inches)"""," ""Weight(lbs)"""," ""Age"""
Name," ""Team"""," ""Position"""," ""Height(inches)"""," ""Weight(lbs)"""," ""Age"""
Name," ""Team"""," ""Position"""," ""Height(inches)"""," ""Weight(lbs)"""," ""Age"""
Name," ""Team"""," ""Position"""," ""Height(inches)"""," ""Weight(lbs)"""," ""Age"""
Name," ""Team"""," ""Position"""," ""Height(inches)"""," ""Weight(lbs)"""," ""Age"""
Name," ""Team"""," ""Position"""," ""Height(inches)"""," ""Weight(lbs)"""," ""Age"""
Name," ""Team"""," ""Position"""," ""Height(inches)"""," ""Weight(lbs)"""," ""Age"""
Name," ""Team"""," ""Position"""," ""Height(inches)"""," ""Weight(lbs)"""," ""Age"""
Name," ""Team"""," ""Position"""," ""Height(inches)"""," ""Weight(lbs)"""," ""Age"""
Name," ""Team"""," ""Position"""," ""Height(inches)"""," ""Weight(lbs)"""," ""Age"""
Name," ""Team"""," ""Position"""," ""Height(inches)"""," ""Weight(lbs)"""," ""Age"""
Name," ""Team"""," ""Position"""," ""Height(inches)"""," ""Weight(lbs)"""," ""Age"""
Name," ""Team"""," ""Position"""," ""Height(inches)"""," ""Weight(lbs)"""," ""Age"""
Name," ""Team"""," ""Position"""," ""Height(inches)"""," ""Weight(lbs)"""," ""Age"""
Name," ""Team"""," ""Position"""," ""Height(inches)"""," ""Weight(lbs)"""," ""Age"""
Name," ""Team"""," ""Position"""," ""Height(inches)"""," ""Weight(lbs)"""," ""Age"""
Name," ""Team"""," ""Position"""," ""Height(inches)"""," ""Weight(lbs)"""," ""Age"""
Name," ""Team"""," ""Position"""," ""Height(inches)"""," ""Weight(lbs)"""," ""Age"""
Name," ""Team"""," ""Position"""," ""Height(inches)"""," ""Weight(lbs)"""," ""Age"""
Name," ""Team"""," ""Position"""," ""Height(inches)"""," ""Weight(lbs)"""," ""Age"""
Name," ""Team"""," ""Position"""," ""Height(inches)"""," ""Weight(lbs)"""," ""Age"""
Name," ""Team"""," ""Position"""," ""Height(inches)"""," ""Weight(lbs)"""," ""Age"""
Name," ""Team"""," ""Position"""," ""Height(inches)"""," ""Weight(lbs)"""," ""Age"""
Name," ""Team"""," ""Position"""," ""Height(inches)"""," ""Weight(lbs)"""," ""Age"""
Name," ""Team"""," ""Position"""," ""Height(inches)"""," ""Weight(lbs)"""," ""Age"""
Name," ""Team"""," ""Position"""," ""Height(inches)"""," ""Weight(lbs)"""," ""Age"""
Name," ""Team"""," ""Position"""," ""Height(inches)"""," ""Weight(lbs)"""," ""Age"""
Name," ""Team"""," ""Position"""," ""Height(inches)"""," ""Weight(lbs)"""," ""Age"""
Name," ""Team"""," ""Position"""," ""Height(inches)"""," ""Weight(lbs)"""," ""Age"""
Name," ""Team"""," ""Position"""," ""Height(inches)"""," ""Weight(lbs)"""," ""Age"""
Name," ""Team"""," ""Position"""," ""Height(inches)"""," ""Weight(lbs)"""," ""Age"""
Name," ""Team"""," ""Position"""," ""Height(inches)"""," ""Weight(lbs)"""," ""Age"""
Name," ""Team"""," ""Position"""," ""Height(inches)"""," ""Weight(lbs)"""," ""Age"""
Name," ""Team"""," ""Position"""," ""Height(inches)"""," ""Weight(lbs)"""," ""Age"""
Name," ""Team"""," ""Position"""," ""Height(inches)"""," ""Weight(lbs)"""," ""Age"""
Name," ""Team"""," ""Position"""," ""Height(inches)"""," ""Weight(lbs)"""," ""Age"""
Name," ""Team"""," ""Position"""," ""Height(inches)"""," ""Weight(lbs)"""," ""Age"""
Name," ""Team"""," ""Position"""," ""Height(inches)"""," ""Weight(lbs)"""," ""Age"""
Name," ""Team"""," ""Position"""," ""Height(inches)"""," ""Weight(lbs)"""," ""Age"""
Name," ""Team"""," ""Position"""," ""Height(inches)"""," ""Weight(lbs)"""," ""Age"""
Name," ""Team"""," ""Position"""," ""Height(inches)"""," ""Weight(lbs)"""," ""Age"""
Name," ""Team"""," ""Position"""," ""Height(inches)"""," ""Weight(lbs)"""," ""Age"""
Name," ""Team"""," ""Position"""," ""Height(inches)"""," ""Weight(lbs)"""," ""Age"""
Name," ""Team"""," ""Position"""," ""Height(inches)"""," ""Weight(lbs)"""," ""Age"""
Name," ""Team"""," ""Position"""," ""Height(inches)"""," ""Weight(lbs)"""," ""Age"""
Name," ""Team"""," ""Position"""," ""Height(inches)"""," ""Weight(lbs)"""," ""Age"""
Name," ""Team"""," ""Position"""," ""Height(inches)"""," ""Weight(lbs)"""," ""Age"""
Name," ""Team"""," ""Position"""," ""Height(inches)"""," ""Weight(lbs)"""," ""Age"""
Name," ""Team"""," ""Position"""," ""Height(inches)"""," ""Weight(lbs)"""," ""Age"""
Name," ""Team"""," ""Position"""," ""Height(inches)"""," ""Weight(lbs)"""," ""Age"""
Name," ""Team"""," ""Position"""," ""Height(inches)"""," ""Weight(lbs)"""," ""Age"""
Name," ""Team"""," ""Position"""," ""Height(inches)"""," ""Weight(lbs)"""," ""Age"""
Name," ""Team"""," ""Position"""," ""Height(inches)"""," ""Weight(lbs)"""," ""Age"""
Name," ""Team"""," ""Position"""," ""Height(inches)"""," ""Weight(lbs)"""," ""Age"""
Name," ""Team"""," ""Position"""," ""Height(inches)"""," ""Weight(lbs)"""," ""Age"""
Name," ""Team"""," ""Position"""," ""Height(inches)"""," ""Weight(lbs)"""," ""Age"""
Name," ""Team"""," ""Position"""," ""Height(inches)"""," ""Weight(lbs)"""," ""Age"""
Name," ""Team"""," ""Position"""," ""Height(inches)"""," ""Weight(lbs)"""," ""Age"""
Name," ""Team"""," ""Position"""," ""Height(inches)"""," ""Weight(lbs)"""," ""Age"""
Name," ""Team"""," ""Position"""," ""Height(inches)"""," ""Weight(lbs)"""," ""Age"""
Name," ""Team"""," ""Position"""," ""Height(inches)"""," ""Weight(lbs)"""," ""Age"""
Name," ""Team"""," ""Position"""," ""Height(inches)"""," ""Weight(lbs)"""," ""Age"""
Name," ""Team"""," ""Position"""," ""Height(inches)"""," ""Weight(lbs)"""," ""Age"""
Name," ""Team"""," ""Position"""," ""Height(inches)"""," ""Weight(lbs)"""," ""Age"""
Name," ""Team"""," ""Position"""," ""Height(inches)"""," ""Weight(lbs)"""," ""Age"""
Name," ""Team"""," ""Position"""," ""Height(inches)"""," ""Weight(lbs)"""," ""Age"""
Name," ""Team"""," ""Position"""," ""Height(inches)"""," ""Weight(lbs)"""," ""Age"""
Name," ""Team"""," ""Position"""," ""Height(inches)"""," ""Weight(lbs)"""," ""Age"""
Name," ""Team"""," ""Position"""," ""Height(inches)"""," ""Weight(lbs)"""," ""Age"""
Name," ""Team"""," ""Position"""," ""Height(inches)"""," ""Weight(lbs)"""," ""Age"""
Name," ""Team"""," ""Position"""," ""Height(inches)"""," ""Weight(lbs)"""," ""Age"""
Name," ""Team"""," ""Position"""," ""Height(inches)"""," ""Weight(lbs)"""," ""Age"""
Name," ""Team"""," ""Position"""," ""Height(inches)"""," ""Weight(lbs)"""," ""Age"""
Name," ""Team"""," ""Position"""," ""Height(inches)"""," ""Weight(lbs)"""," ""Age"""
Name," ""Team"""," ""Position"""," ""Height(inches)"""," ""Weight(lbs)"""," ""Age"""
Name," ""Team"""," ""Position"""," ""Height(inches)"""," ""Weight(lbs)"""," ""Age"""
Name," ""Team"""," ""Position"""," ""Height(inches)"""," ""Weight(lbs)"""," ""Age"""
Name," ""Team"""," ""Position"""," ""Height(inches)"""," ""Weight(lbs)"""," ""Age"""
Name," ""Team"""," ""Position"""," ""Height(inches)"""," ""Weight(lbs)"""," ""Age"""
Name," ""Team"""," ""Position"""," ""Height(inches)"""," ""Weight(lbs)"""," ""Age"""
Name," ""Team"""," ""Position"""," ""Height(inches)"""," ""Weight(lbs)"""," ""Age"""
Name," ""Team"""," ""Position"""," ""Height(inches)"""," ""Weight(lbs)"""," ""Age"""
Name," ""Team"""," ""Position"""," ""Height(inches)"""," ""Weight(lbs)"""," ""Age"""
Name," ""Team"""," ""Position"""," ""Height(inches)"""," ""Weight(lbs)"""," ""Age"""
Name," ""Team"""," ""Position"""," ""Height(inches)"""," ""Weight(lbs)"""," ""Age"""
Name," ""Team"""," ""Position"""," ""Height(inches)"""," ""Weight(lbs)"""," ""Age"""
Name," ""Team"""," ""Position"""," ""Height(inches)"""," ""Weight(lbs)"""," ""Age"""
Name," ""Team"""," ""Position"""," ""Height(inches)"""," ""Weight(lbs)"""," ""Age"""
Name," ""Team"""," ""Position"""," ""Height(inches)"""," ""Weight(lbs)"""," ""Age"""
Name," ""Team"""," ""Position"""," ""Height(inches)"""," ""Weight(lbs)"""," ""Age"""
Name," ""Team"""," ""Position"""," ""Height(inches)"""," ""Weight(lbs)"""," ""Age"""
Name," ""Team"""," ""Position"""," ""Height(inches)"""," ""Weight(lbs)"""," ""Age"""
Name," ""Team"""," ""Position"""," ""Height(inches)"""," ""Weight(lbs)"""," ""Age"""
Name," ""Team"""," ""Position"""," ""Height(inches)"""," ""Weight(lbs)"""," ""Age"""
Name," ""Team"""," ""Position"""," ""Height(inches)"""," ""Weight(lbs)"""," ""Age"""
Name," ""Team"""," ""Position"""," ""Height(inches)"""," ""Weight(lbs)"""," ""Age"""
Name," ""Team"""," ""Position"""," ""Height(inches)"""," ""Weight(lbs)"""," ""Age"""
Name," ""Team"""," ""Position"""," ""Height(inches)"""," ""Weight(lbs)"""," ""Age"""
Name," ""Team"""," ""Position"""," ""Height(inches)"""," ""Weight(lbs)"""," ""Age"""
Name," ""Team"""," ""Position"""," ""Height(inches)"""," ""Weight(lbs)"""," ""Age"""
Name," ""Team"""," ""Position"""," ""Height(inches)"""," ""Weight(lbs)"""," ""Age"""
Name," ""Team"""," ""Position"""," ""Height(inches)"""," ""Weight(lbs)"""," ""Age"""
Name," ""Team"""," ""Position"""," ""Height(inches)"""," ""Weight(lbs)"""," ""Age"""
Name," ""Team"""," ""Position"""," ""Height(inches)"""," ""Weight(lbs)"""," ""Age"""
Name," ""Team"""," ""Position"""," ""Height(inches)"""," ""Weight(lbs)"""," ""Age"""
Name," ""Team"""," ""Position"""," ""Height(inches)"""," ""Weight(lbs)"""," ""Age"""
Name," ""Team"""," ""Position"""," ""Height(inches)"""," ""Weight(lbs)"""," ""Age"""
Name," ""Team"""," ""Position"""," ""Height(inches)"""," ""Weight(lbs)"""," ""Age"""
Name," ""Team"""," ""Position"""," ""Height(inches)"""," ""Weight(lbs)"""," ""Age"""
Name," ""Team"""," ""Position"""," ""Height(inches)"""," ""Weight(lbs)"""," ""Age"""
Name," ""Team"""," ""Position"""," ""Height(inches)"""," ""Weight(lbs)"""," ""Age"""
Name," ""Team"""," ""Position"""," ""Height(inches)"""," ""Weight(lbs)"""," ""Age"""
Name," ""Team"""," ""Position"""," ""Height(inches)"""," ""Weight(lbs)"""," ""Age"""
Name," ""Team"""," ""Position"""," ""Height(inches)"""," ""Weight(lbs)"""," ""Age"""
Name," ""Team"""," ""Position"""," ""Height(inches)"""," ""Weight(lbs)"""," ""Age"""
Name," ""Team"""," ""Position"""," ""Height(inches)"""," ""Weight(lbs)"""," ""Age"""
Name," ""Team"""," ""Position"""," ""Height(inches)"""," ""Weight(lbs)"""," ""Age"""
Name," ""Team"""," ""Position"""," ""Height(inches)"""," ""Weight(lbs)"""," ""Age"""
Name," ""Team"""," ""Position"""," ""Height(inches)"""," ""Weight(lbs)"""," ""Age"""
Name," ""Team"""," ""Position"""," ""Height(inches)"""," ""Weight(lbs)"""," ""Age"""
Name," ""Team"""," ""Position"""," ""Height(inches)"""," ""Weight(lbs)"""," ""Age"""
Name," ""Team"""," ""Position"""," ""Height(inches)"""," ""Weight(lbs)"""," ""Age"""
Name," ""Team"""," ""Position"""," ""Height(inches)"""," ""Weight(lbs)"""," ""Age"""
Name," ""Team"""," ""Position"""," ""Height(inches)"""," ""Weight(lbs)"""," ""Age"""
Name," ""Team"""," ""Position"""," ""Height(inches)"""," ""Weight(lbs)"""," ""Age"""
Name," ""Team"""," ""Position"""," ""Height(inches)"""," ""Weight(lbs)"""," ""Age"""
Name," ""Team"""," ""Position"""," ""Height(inches)"""," ""Weight(lbs)"""," ""Age"""
Name," ""Team"""," ""Position"""," ""Height(inches)"""," ""Weight(lbs)"""," ""Age"""
Name," ""Team"""," ""Position"""," ""Height(inches)"""," ""Weight(lbs)"""," ""Age"""
Name," ""Team"""," ""Position"""," ""Height(inches)"""," ""Weight(lbs)"""," ""Age"""
Name," ""Team"""," ""Position"""," ""Height(inches)"""," ""Weight(lbs)"""," ""Age"""
Name," ""Team"""," ""Position"""," ""Height(inches)"""," ""Weight(lbs)"""," ""Age"""
Name," ""Team"""," ""Position"""," ""Height(inches)"""," ""Weight(lbs)"""," ""Age"""
Name," ""Team"""," ""Position"""," ""Height(inches)"""," ""Weight(lbs)"""," ""Age"""
Name," ""Team"""," ""Position"""," ""Height(inches)"""," ""Weight(lbs)"""," ""Age"""
Name," ""Team"""," ""Position"""," ""Height(inches)"""," ""Weight(lbs)"""," ""Age"""
Name," ""Team"""," ""Position"""," ""Height(inches)"""," ""Weight(lbs)"""," ""Age"""
Name," ""Team"""," ""Position"""," ""Height(inches)"""," ""Weight(lbs)"""," ""Age"""
Name," ""Team"""," ""Position"""," ""Height(inches)"""," ""Weight(lbs)"""," ""Age"""
Name," ""Team"""," ""Position"""," ""Height(inches)"""," ""Weight(lbs)"""," ""Age"""
Name," ""Team"""," ""Position"""," ""Height(inches)"""," ""Weight(lbs)"""," ""Age"""
Name," ""Team"""," ""Position"""," ""Height(inches)"""," ""Weight(lbs)"""," ""Age"""
Name," ""Team"""," ""Position"""," ""Height(inches)"""," ""Weight(lbs)"""," ""Age"""
Name," ""Team"""," ""Position"""," ""Height(inches)"""," ""Weight(lbs)"""," ""Age"""
Name," ""Team"""," ""Position"""," ""Height(inches)"""," ""Weight(lbs)"""," ""Age"""
Name," ""Team"""," ""Position"""," ""Height(inches)"""," ""Weight(lbs)"""," ""Age"""
Name," ""Team"""," ""Position"""," ""Height(inches)"""," ""Weight(lbs)"""," ""Age"""
Name," ""Team"""," ""Position"""," ""Height(inches)"""," ""Weight(lbs)"""," ""Age"""
Name," ""Team"""," ""Position"""," ""Height(inches)"""," ""Weight(lbs)"""," ""Age"""
Name," ""Team"""," ""Position"""," ""Height(inches)"""," ""Weight(lbs)"""," ""Age"""
Name," ""Team"""," ""Position"""," ""Height(inches)"""," ""Weight(lbs)"""," ""Age"""
Name," ""Team"""," ""Position"""," ""Height(inches)"""," ""Weight(lbs)"""," ""Age"""
Name," ""Team"""," ""Position"""," ""Height(inches)"""," ""Weight(lbs)"""," ""Age"""
Name," ""Team"""," ""Position"""," ""Height(inches)"""," ""Weight(lbs)"""," ""Age"""
Name," ""Team"""," ""Position"""," ""Height(inches)"""," ""Weight(lbs)"""," ""Age"""
Name," ""Team"""," ""Position"""," ""Height(inches)"""," ""Weight(lbs)"""," ""Age"""
Name," ""Team"""," ""Position"""," ""Height(inches)"""," ""Weight(lbs)"""," ""Age"""
Name," ""Team"""," ""Position"""," ""Height(inches)"""," ""Weight(lbs)"""," ""Age"""
Name," ""Team"""," ""Position"""," ""Height(inches)"""," ""Weight(lbs)"""," ""Age"""
Name," ""Team"""," ""Position"""," ""Height(inches)"""," ""Weight(lbs)"""," ""Age"""
Name," ""Team"""," ""Position"""," ""Height(inches)"""," ""Weight(lbs)"""," ""Age"""
Name," ""Team"""," ""Position"""," ""Height(inches)"""," ""Weight(lbs)"""," ""Age"""
Name," ""Team"""," ""Position"""," ""Height(inches)"""," ""Weight(lbs)"""," ""Age"""
Name," ""Team"""," ""Position"""," ""Height(inches)"""," ""Weight(lbs)"""," ""Age"""
Name," ""Team"""," ""Position"""," ""Height(inches)"""," ""Weight(lbs)"""," ""Age"""
Name," ""Team"""," ""Position"""," ""Height(inches)"""," ""Weight(lbs)"""," ""Age"""
Name," ""Team"""," ""Position"""," ""Height(inches)"""," ""Weight(lbs)"""," ""Age"""
Name," ""Team"""," ""Position"""," ""Height(inches)"""," ""Weight(lbs)"""," ""Age"""
Name," ""Team"""," ""Position"""," ""Height(inches)"""," ""Weight(lbs)"""," ""Age"""
Name," ""Team"""," ""Position"""," ""Height(inches)"""," ""Weight(lbs)"""," ""Age"""
Name," ""Team"""," ""Position"""," ""Height(inches)"""," ""Weight(lbs)"""," ""Age"""
Name," ""Team"""," ""Position"""," ""Height(inches)"""," ""Weight(lbs)"""," ""Age"""
Name," ""Team"""," ""Position"""," ""Height(inches)"""," ""Weight(lbs)"""," ""Age"""
Name," ""Team"""," ""Position"""," ""Height(inches)"""," ""Weight(lbs)"""," ""Age"""
Name," ""Team"""," ""Position"""," ""Height(inches)"""," ""Weight(lbs)"""," ""Age"""
Name," ""Team"""," ""Position"""," ""Height(inches)"""," ""Weight(lbs)"""," ""Age"""
Name," ""Team"""," ""Position"""," ""Height(inches)"""," ""Weight(lbs)"""," ""Age"""
Name," ""Team"""," ""Position"""," ""Height(inches)"""," ""Weight(lbs)"""," ""Age"""
Name," ""Team"""," ""Position"""," ""Height(inches)"""," ""Weight(lbs)"""," ""Age"""
Name," ""Team"""," ""Position"""," ""Height(inches)"""," ""Weight(lbs)"""," ""Age"""
Name," ""Team"""," ""Position"""," ""Height(inches)"""," ""Weight(lbs)"""," ""Age"""
Name," ""Team"""," ""Position"""," ""Height(inches)"""," ""Weight(lbs)"""," ""Age"""
Name," ""Team"""," ""Position"""," ""Height(inches)"""," ""Weight(lbs)"""," ""Age"""
Name," ""Team"""," ""Position"""," ""Height(inches)"""," ""Weight(lbs)"""," ""Age"""
Name," ""Team"""," ""Position"""," ""Height(inches)"""," ""Weight(lbs)"""," ""Age"""
Name," ""Team"""," ""Position"""," ""Height(inches)"""," ""Weight(lbs)"""," ""Age"""
Name," ""Team"""," ""Position"""," ""Height(inches)"""," ""Weight(lbs)"""," ""Age"""
Name," ""Team"""," ""Position"""," ""Height(inches)"""," ""Weight(lbs)"""," ""Age"""
Name," ""Team"""," ""Position"""," ""Height(inches)"""," ""Weight(lbs)"""," ""Age"""
Name," ""Team"""," ""Position"""," ""Height(inches)"""," ""Weight(lbs)"""," ""Age"""
Name," ""Team"""," ""Position"""," ""Height(inches)"""," ""Weight(lbs)"""," ""Age"""
Name," ""Team"""," ""Position"""," ""Height(inches)"""," ""Weight(lbs)"""," ""Age"""
Name," ""Team"""," ""Position"""," ""Height(inches)"""," ""Weight(lbs)"""," ""Age"""
Name," ""Team"""," ""Position"""," ""Height(inches)"""," ""Weight(lbs)"""," ""Age"""
Name," ""Team"""," ""Position"""," ""Height(inches)"""," ""Weight(lbs)"""," ""Age"""
Name," ""Team"""," ""Position"""," ""Height(inches)"""," ""Weight(lbs)"""," ""Age"""
Name," ""Team"""," ""Position"""," ""Height(inches)"""," ""Weight(lbs)"""," ""Age"""
Name," ""Team"""," ""Position"""," ""Height(inches)"""," ""Weight(lbs)"""," ""Age"""
Name," ""Team"""," ""Position"""," ""Height(inches)"""," ""Weight(lbs)"""," ""Age"""
Name," ""Team"""," ""Position"""," ""Height(inches)"""," ""Weight(lbs)"""," ""Age"""
Name," ""Team"""," ""Position"""," ""Height(inches)"""," ""Weight(lbs)"""," ""Age"""
Name," ""Team"""," ""Position"""," ""Height(inches)"""," ""Weight(lbs)"""," ""Age"""
Name," ""Team"""," ""Position"""," ""Height(inches)"""," ""Weight(lbs)"""," ""Age"""
Name," ""Team"""," ""Position"""," ""Height(inches)"""," ""Weight(lbs)"""," ""Age"""
Name," ""Team"""," ""Position"""," ""Height(inches)"""," ""Weight(lbs)"""," ""Age"""
Name," ""Team"""," ""Position"""," ""Height(inches)"""," ""Weight(lbs)"""," ""Age"""
Name," ""Team"""," ""Position"""," ""Height(inches)"""," ""Weight(lbs)"""," ""Age"""
Name," ""Team"""," ""Position"""," ""Height(inches)"""," ""Weight(lbs)"""," ""Age"""
Name," ""Team"""," ""Position"""," ""Height(inches)"""," ""Weight(lbs)"""," ""Age"""
Name," ""Team"""," ""Position"""," ""Height(inches)"""," ""Weight(lbs)"""," ""Age"""
Name," ""Team"""," ""Position"""," ""Height(inches)"""," ""Weight(lbs)"""," ""Age"""
Name," ""Team"""," ""Position"""," ""Height(inches)"""," ""Weight(lbs)"""," ""Age"""
Name," ""Team"""," ""Position"""," ""Height(inches)"""," ""Weight(lbs)"""," ""Age"""
Name," ""Team"""," ""Position"""," ""Height(inches)"""," ""Weight(lbs)"""," ""Age"""
Name," ""Team"""," ""Position"""," ""Height(inches)"""," ""Weight(lbs)"""," ""Age"""
Name," ""Team"""," ""Position"""," ""Height(inches)"""," ""Weight(lbs)"""," ""Age"""
Name," ""Team"""," ""Position"""," ""Height(inches)"""," ""Weight(lbs)"""," ""Age"""
Name," ""Team"""," ""Position"""," ""Height(inches)"""," ""Weight(lbs)"""," ""Age"""
Name," ""Team"""," ""Position"""," ""Height(inches)"""," ""Weight(lbs)"""," ""Age"""
Name," ""Team"""," ""Position"""," ""Height(inches)"""," ""Weight(lbs)"""," ""Age"""
Name," ""Team"""," ""Position"""," ""Height(inches)"""," ""Weight(lbs)"""," ""Age"""
Name," ""Team"""," ""Position"""," ""Height(inches)"""," ""Weight(lbs)"""," ""Age"""
Name," ""Team"""," ""Position"""," ""Height(inches)"""," ""Weight(lbs)"""," ""Age"""
Name," ""Team"""," ""Position"""," ""Height(inches)"""," ""Weight(lbs)"""," ""Age"""
Name," ""Team"""," ""Position"""," ""Height(inches)"""," ""Weight(lbs)"""," ""Age"""
Name," ""Team"""," ""Position"""," ""Height(inches)"""," ""Weight(lbs)"""," ""Age"""
Name," ""Team"""," ""Position"""," ""Height(inches)"""," ""Weight(lbs)"""," ""Age"""
Name," ""Team"""," ""Position"""," ""Height(inches)"""," ""Weight(lbs)"""," ""Age"""
Name," ""Team"""," ""Position"""," ""Height(inches)"""," ""Weight(lbs)"""," ""Age"""
Name," ""Team"""," ""Position"""," ""Height(inches)"""," ""Weight(lbs)"""," ""Age"""
Name," ""Team"""," ""Position"""," ""Height(inches)"""," ""Weight(lbs)"""," ""Age"""
Name," ""Team"""," ""Position"""," ""Height(inches)"""," ""Weight(lbs)"""," ""Age"""
Name," ""Team"""," ""Position"""," ""Height(inches)"""," ""Weight(lbs)"""," ""Age"""
Name," ""Team"""," ""Position"""," ""Height(inches)"""," ""Weight(lbs)"""," ""Age"""
Name," ""Team"""," ""Position"""," ""Height(inches)"""," ""Weight(lbs)"""," ""Age"""
Name," ""Team"""," ""Position"""," ""Height(inches)"""," ""Weight(lbs)"""," ""Age"""
Name," ""Team"""," ""Position"""," ""Height(inches)"""," ""Weight(lbs)"""," ""Age"""
Name," ""Team"""," ""Position"""," ""Height(inches)"""," ""Weight(lbs)"""," ""Age"""
Name," ""Team"""," ""Position"""," ""Height(inches)"""," ""Weight(lbs)"""," ""Age"""
Name," ""Team"""," ""Position"""," ""Height(inches)"""," ""Weight(lbs)"""," ""Age"""
Name," ""Team"""," ""Position"""," ""Height(inches)"""," ""Weight(lbs)"""," ""Age"""
Name," ""Team"""," ""Position"""," ""Height(inches)"""," ""Weight(lbs)"""," ""Age"""
Name," ""Team"""," ""Position"""," ""Height(inches)"""," ""Weight(lbs)"""," ""Age"""
Name," ""Team"""," ""Position"""," ""Height(inches)"""," ""Weight(lbs)"""," ""Age"""
Name," ""Team"""," ""Position"""," ""Height(inches)"""," ""Weight(lbs)"""," ""Age"""
Name," ""Team"""," ""Position"""," ""Height(inches)"""," ""Weight(lbs)"""," ""Age"""
Name," ""Team"""," ""Position"""," ""Height(inches)"""," ""Weight(lbs)"""," ""Age"""
Name," ""Team"""," ""Position"""," ""Height(inches)"""," ""Weight(lbs)"""," ""Age"""
Name," ""Team"""," ""Position"""," ""Height(inches)"""," ""Weight(lbs)"""," ""Age"""
Name," ""Team"""," ""Position"""," ""Height(inches)"""," ""Weight(lbs)"""," ""Age"""
Name," ""Team"""," ""Position"""," ""Height(inches)"""," ""Weight(lbs)"""," ""Age"""
Name," ""Team"""," ""Position"""," ""Height(inches)"""," ""Weight(lbs)"""," ""Age"""
Name," ""Team"""," ""Position"""," ""Height(inches)"""," ""Weight(lbs)"""," ""Age"""
Name," ""Team"""," ""Position"""," ""Height(inches)"""," ""Weight(lbs)"""," ""Age"""
Name," ""Team"""," ""Position"""," ""Height(inches)"""," ""Weight(lbs)"""," ""Age"""
Name," ""Team"""," ""Position"""," ""Height(inches)"""," ""Weight(lbs)"""," ""Age"""
Name," ""Team"""," ""Position"""," ""Height(inches)"""," ""Weight(lbs)"""," ""Age"""
Name," ""Team"""," ""Position"""," ""Height(inches)"""," ""Weight(lbs)"""," ""Age"""
Name," ""Team"""," ""Position"""," ""Height(inches)"""," ""Weight(lbs)"""," ""Age"""
Name," ""Team"""," ""Position"""," ""Height(inches)"""," ""Weight(lbs)"""," ""Age"""
Name," ""Team"""," ""Position"""," ""Height(inches)"""," ""Weight(lbs)"""," ""Age"""
Name," ""Team"""," ""Position"""," ""Height(inches)"""," ""Weight(lbs)"""," ""Age"""
Name," ""Team"""," ""Position"""," ""Height(inches)"""," ""Weight(lbs)"""," ""Age"""
Name," ""Team"""," ""Position"""," ""Height(inches)"""," ""Weight(lbs)"""," ""Age"""
Name," ""Team"""," ""Position"""," ""Height(inches)"""," ""Weight(lbs)"""," ""Age"""
Name," ""Team"""," ""Position"""," ""Height(inches)"""," ""Weight(lbs)"""," ""Age"""
Name," ""Team"""," ""Position"""," ""Height(inches)"""," ""Weight(lbs)"""," ""Age"""
Name," ""Team"""," ""Position"""," ""Height(inches)"""," ""Weight(lbs)"""," ""Age"""
Name," ""Team"""," ""Position"""," ""Height(inches)"""," ""Weight(lbs)"""," ""Age"""
Name," ""Team"""," ""Position"""," ""Height(inches)"""," ""Weight(lbs)"""," ""Age"""
Name," ""Team"""," ""Position"""," ""Height(inches)"""," ""Weight(lbs)"""," ""Age"""
Name," ""Team"""," ""Position"""," ""Height(inches)"""," ""Weight(lbs)"""," ""Age"""
Name," ""Team"""," ""Position"""," ""Height(inches)"""," ""Weight(lbs)"""," ""Age"""
Name," ""Team"""," ""Position"""," ""Height(inches)"""," ""Weight(lbs)"""," ""Age"""
Name," ""Team"""," ""Position"""," ""Height(inches)"""," ""Weight(lbs)"""," ""Age"""
Name," ""Team"""," ""Position"""," ""Height(inches)"""," ""Weight(lbs)"""," ""Age"""
Name," ""Team"""," ""Position"""," ""Height(inches)"""," ""Weight(lbs)"""," ""Age"""
Name," ""Team"""," ""Position"""," ""Height(inches)"""," ""Weight(lbs)"""," ""Age"""
Name," ""Team"""," ""Position"""," ""Height(inches)"""," ""Weight(lbs)"""," ""Age"""
Name," ""Team"""," ""Position"""," ""Height(inches)"""," ""Weight(lbs)"""," ""Age"""
Name," ""Team"""," ""Position"""," ""Height(inches)"""," ""Weight(lbs)"""," ""Age"""
Name," ""Team"""," ""Position"""," ""Height(inches)"""," ""Weight(lbs)"""," ""Age"""
Name," ""Team"""," ""Position"""," ""Height(inches)"""," ""Weight(lbs)"""," ""Age"""
Name," ""Team"""," ""Position"""," ""Height(inches)"""," ""Weight(lbs)"""," ""Age"""
Name," ""Team"""," ""Position"""," ""Height(inches)"""," ""Weight(lbs)"""," ""Age"""
Name," ""Team"""," ""Position"""," ""Height(inches)"""," ""Weight(lbs)"""," ""Age"""
Name," ""Team"""," ""Position"""," ""Height(inches)"""," ""Weight(lbs)"""," ""Age"""
Name," ""Team"""," ""Position"""," ""Height(inches)"""," ""Weight(lbs)"""," ""Age"""
Name," ""Team"""," ""Position"""," ""Height(inches)"""," ""Weight(lbs)"""," ""Age"""
Name," ""Team"""," ""Position"""," ""Height(inches)"""," ""Weight(lbs)"""," ""Age"""
Name," ""Team"""," ""Position"""," ""Height(inches)"""," ""Weight(lbs)"""," ""Age"""
Name," ""Team"""," ""Position"""," ""Height(inches)"""," ""Weight(lbs)"""," ""Age"""
Name," ""Team"""," ""Position"""," ""Height(inches)"""," ""Weight(lbs)"""," ""Age"""
Name," ""Team"""," ""Position"""," ""Height(inches)"""," ""Weight(lbs)"""," ""Age"""
Name," ""Team"""," ""Position"""," ""Height(inches)"""," ""Weight(lbs)"""," ""Age"""
Name," ""Team"""," ""Position"""," ""Height(inches)"""," ""Weight(lbs)"""," ""Age"""
Name," ""Team"""," ""Position"""," ""Height(inches)"""," ""Weight(lbs)"""," ""Age"""
Name," ""Team"""," ""Position"""," ""Height(inches)"""," ""Weight(lbs)"""," ""Age"""
Name," ""Team"""," ""Position"""," ""Height(inches)"""," ""Weight(lbs)"""," ""Age"""
Name," ""Team"""," ""Position"""," ""Height(inches)"""," ""Weight(lbs)"""," ""Age"""
Name," ""Team"""," ""Position"""," ""Height(inches)"""," ""Weight(lbs)"""," ""Age"""
Name," ""Team"""," ""Position"""," ""Height(inches)"""," ""Weight(lbs)"""," ""Age"""
Name," ""Team"""," ""Position"""," ""Height(inches)"""," ""Weight(lbs)"""," ""Age"""
Name," ""Team"""," ""Position"""," ""Height(inches)"""," ""Weight(lbs)"""," ""Age"""
Name," ""Team"""," ""Position"""," ""Height(inches)"""," ""Weight(lbs)"""," ""Age"""
Name," ""Team"""," ""Position"""," ""Height(inches)"""," ""Weight(lbs)"""," ""Age"""
Name," ""Team"""," ""Position"""," ""Height(inches)"""," ""Weight(lbs)"""," ""Age"""
Name," ""Team"""," ""Position"""," ""Height(inches)"""," ""Weight(lbs)"""," ""Age"""
Name," ""Team"""," ""Position"""," ""Height(inches)"""," ""Weight(lbs)"""," ""Age"""
Name," ""Team"""," ""Position"""," ""Height(inches)"""," ""Weight(lbs)"""," ""Age"""
Name," ""Team"""," ""Position"""," ""Height(inches)"""," ""Weight(lbs)"""," ""Age"""
Name," ""Team"""," ""Position"""," ""Height(inches)"""," ""Weight(lbs)"""," ""Age"""
Name," ""Team"""," ""Position"""," ""Height(inches)"""," ""Weight(lbs)"""," ""Age"""
Name," ""Team"""," ""Position"""," ""Height(inches)"""," ""Weight(lbs)"""," ""Age"""
Name," ""Team"""," ""Position"""," ""Height(inches)"""," ""Weight(lbs)"""," ""Age"""
Name," ""Team"""," ""Position"""," ""Height(inches)"""," ""Weight(lbs)"""," ""Age"""
Name," ""Team"""," ""Position"""," ""Height(inches)"""," ""Weight(lbs)"""," ""Age"""
Name," ""Team"""," ""Position"""," ""Height(inches)"""," ""Weight(lbs)"""," ""Age"""
Name," ""Team"""," ""Position"""," ""Height(inches)"""," ""Weight(lbs)"""," ""Age"""
Name," ""Team"""," ""Position"""," ""Height(inches)"""," ""Weight(lbs)"""," ""Age"""
Name," ""Team"""," ""Position"""," ""Height(inches)"""," ""Weight(lbs)"""," ""Age"""
Name," ""Team"""," ""Position"""," ""Height(inches)"""," ""Weight(lbs)"""," ""Age"""
Name," ""Team"""," ""Position"""," ""Height(inches)"""," ""Weight(lbs)"""," ""Age"""
Name," ""Team"""," ""Position"""," ""Height(inches)"""," ""Weight(lbs)"""," ""Age"""
Name," ""Team"""," ""Position"""," ""Height(inches)"""," ""Weight(lbs)"""," ""Age"""
Name," ""Team"""," ""Position"""," ""Height(inches)"""," ""Weight(lbs)"""," ""Age"""
Name," ""Team"""," ""Position"""," ""Height(inches)"""," ""Weight(lbs)"""," ""Age"""
Name," ""Team"""," ""Position"""," ""Height(inches)"""," ""Weight(lbs)"""," ""Age"""
Name," ""Team"""," ""Position"""," ""Height(inches)"""," ""Weight(lbs)"""," ""Age"""
Name," ""Team"""," ""Position"""," ""Height(inches)"""," ""Weight(lbs)"""," ""Age"""
Name," ""Team"""," ""Position"""," ""Height(inches)"""," ""Weight(lbs)"""," ""Age"""
Name," ""Team"""," ""Position"""," ""Height(inches)"""," ""Weight(lbs)"""," ""Age"""
Name," ""Team"""," ""Position"""," ""Height(inches)"""," ""Weight(lbs)"""," ""Age"""
Name," ""Team"""," ""Position"""," ""Height(inches)"""," ""Weight(lbs)"""," ""Age"""
Name," ""Team"""," ""Position"""," ""Height(inches)"""," ""Weight(lbs)"""," ""Age"""
Name," ""Team"""," ""Position"""," ""Height(inches)"""," ""Weight(lbs)"""," ""Age"""
Name," ""Team"""," ""Position"""," ""Height(inches)"""," ""Weight(lbs)"""," ""Age"""
Name," ""Team"""," ""Position"""," ""Height(inches)"""," ""Weight(lbs)"""," ""Age"""
Name," ""Team"""," ""Position"""," ""Height(inches)"""," ""Weight(lbs)"""," ""Age"""
Name," ""Team"""," ""Position"""," ""Height(inches)"""," ""Weight(lbs)"""," ""Age"""
Name," ""Team"""," ""Position"""," ""Height(inches)"""," ""Weight(lbs)"""," ""Age"""
Name," ""Team"""," ""Position"""," ""Height(inches)"""," ""Weight(lbs)"""," ""Age"""
Name," ""Team"""," ""Position"""," ""Height(inches)"""," ""Weight(lbs)"""," ""Age"""
Name," ""Team"""," ""Position"""," ""Height(inches)"""," ""Weight(lbs)"""," ""Age"""
Name," ""Team"""," ""Position"""," ""Height(inches)"""," ""Weight(lbs)"""," ""Age"""
Name," ""Team"""," ""Position"""," ""Height(inches)"""," ""Weight(lbs)"""," ""Age"""
Name," ""Team"""," ""Position"""," ""Height(inches)"""," ""Weight(lbs)"""," ""Age"""
Name," ""Team"""," ""Position"""," ""Height(inches)"""," ""Weight(lbs)"""," ""Age"""
Name," ""Team"""," ""Position"""," ""Height(inches)"""," ""Weight(lbs)"""," ""Age"""
Name," ""Team"""," ""Position"""," ""Height(inches)"""," ""Weight(lbs)"""," ""Age"""
Name," ""Team"""," ""Position"""," ""Height(inches)"""," ""Weight(lbs)"""," ""Age"""
Name," ""Team"""," ""Position"""," ""Height(inches)"""," ""Weight(lbs)"""," ""Age"""
Name," ""Team"""," ""Position"""," ""Height(inches)"""," ""Weight(lbs)"""," ""Age"""
Name," ""Team"""," ""Position"""," ""Height(inches)"""," ""Weight(lbs)"""," ""Age"""
Name," ""Team"""," ""Position"""," ""Height(inches)"""," ""Weight(lbs)"""," ""Age"""
Name," ""Team"""," ""Position"""," ""Height(inches)"""," ""Weight(lbs)"""," ""Age"""
Name," ""Team"""," ""Position"""," ""Height(inches)"""," ""Weight(lbs)"""," ""Age"""
Name," ""Team"""," ""Position"""," ""Height(inches)"""," ""Weight(lbs)"""," ""Age"""
Name," ""Team"""," ""Position"""," ""Height(inches)"""," ""Weight(lbs)"""," ""Age"""
Name," ""Team"""," ""Position"""," ""Height(inches)"""," ""Weight(lbs)"""," ""Age"""
Name," ""Team"""," ""Position"""," ""Height(inches)"""," ""Weight(lbs)"""," ""Age"""
Name," ""Team"""," ""Position"""," ""Height(inches)"""," ""Weight(lbs)"""," ""Age"""
Name," ""Team"""," ""Position"""," ""Height(inches)"""," ""Weight(lbs)"""," ""Age"""
Name," ""Team"""," ""Position"""," ""Height(inches)"""," ""Weight(lbs)"""," ""Age"""
Name," ""Team"""," ""Position"""," ""Height(inches)"""," ""Weight(lbs)"""," ""Age"""
Name," ""Team"""," ""Position"""," ""Height(inches)"""," ""Weight(lbs)"""," ""Age"""
Name," ""Team"""," ""Position"""," ""Height(inches)"""," ""Weight(lbs)"""," ""Age"""
Name," ""Team"""," ""Position"""," ""Height(inches)"""," ""Weight(lbs)"""," ""Age"""
Name," ""Team"""," ""Position"""," ""Height(inches)"""," ""Weight(lbs)"""," ""Age"""
Name," ""Team"""," ""Position"""," ""Height(inches)"""," ""Weight(lbs)"""," ""Age"""
Name," ""Team"""," ""Position"""," ""Height(inches)"""," ""Weight(lbs)"""," ""Age"""
Name," ""Team"""," ""Position"""," ""Height(inches)"""," ""Weight(lbs)"""," ""Age"""
Name," ""Team"""," ""Position"""," ""Height(inches)"""," ""Weight(lbs)"""," ""Age"""
Name," ""Team"""," ""Position"""," ""Height(inches)"""," ""Weight(lbs)"""," ""Age"""
Name," ""Team"""," ""Position"""," ""Height(inches)"""," ""Weight(lbs)"""," ""Age"""
Name," ""Team"""," ""Position"""," ""Height(inches)"""," ""Weight(lbs)"""," ""Age"""
Name," ""Team"""," ""Position"""," ""Height(inches)"""," ""Weight(lbs)"""," ""Age"""
Name," ""Team"""," ""Position"""," ""Height(inches)"""," ""Weight(lbs)"""," ""Age"""
Name," ""Team"""," ""Position"""," ""Height(inches)"""," ""Weight(lbs)"""," ""Age"""
Name," ""Team"""," ""Position"""," ""Height(inches)"""," ""Weight(lbs)"""," ""Age"""
Name," ""Team"""," ""Position"""," ""Height(inches)"""," ""Weight(lbs)"""," ""Age"""
Name," ""Team"""," ""Position"""," ""Height(inches)"""," ""Weight(lbs)"""," ""Age"""
Name," ""Team"""," ""Position"""," ""Height(inches)"""," ""Weight(lbs)"""," ""Age"""
Name," ""Team"""," ""Position"""," ""Height(inches)"""," ""Weight(lbs)"""," ""Age"""
Name," ""Team"""," ""Position"""," ""Height(inches)"""," ""Weight(lbs)"""," ""Age"""
Name," ""Team"""," ""Position"""," ""Height(inches)"""," ""Weight(lbs)"""," ""Age"""
Name," ""Team"""," ""Position"""," ""Height(inches)"""," ""Weight(lbs)"""," ""Age"""
Name," ""Team"""," ""Position"""," ""Height(inches)"""," ""Weight(lbs)"""," ""Age"""
Name," ""Team"""," ""Position"""," ""Height(inches)"""," ""Weight(lbs)"""," ""Age"""
Name," ""Team"""," ""Position"""," ""Height(inches)"""," ""Weight(lbs)"""," ""Age"""
Name," ""Team"""," ""Position"""," ""Height(inches)"""," ""Weight(lbs)"""," ""Age"""
Name," ""Team"""," ""Position"""," ""Height(inches)"""," ""Weight(lbs)"""," ""Age"""
Name," ""Team"""," ""Position"""," ""Height(inches)"""," ""Weight(lbs)"""," ""Age"""
Name," ""Team"""," ""Position"""," ""Height(inches)"""," ""Weight(lbs)"""," ""Age"""
Name," ""Team"""," ""Position"""," ""Height(inches)"""," ""Weight(lbs)"""," ""Age"""
Name," ""Team"""," ""Position"""," ""Height(inches)"""," ""Weight(lbs)"""," ""Age"""
Name," ""Team"""," ""Position"""," ""Height(inches)"""," ""Weight(lbs)"""," ""Age"""
Name," ""Team"""," ""Position"""," ""Height(inches)"""," ""Weight(lbs)"""," ""Age"""
Name," ""Team"""," ""Position"""," ""Height(inches)"""," ""Weight(lbs)"""," ""Age"""
Name," ""Team"""," ""Position"""," ""Height(inches)"""," ""Weight(lbs)"""," ""Age"""
Name," ""Team"""," ""Position"""," ""Height(inches)"""," ""Weight(lbs)"""," ""Age"""
Name," ""Team"""," ""Position"""," ""Height(inches)"""," ""Weight(lbs)"""," ""Age"""
Name," ""Team"""," ""Position"""," ""Height(inches)"""," ""Weight(lbs)"""," ""Age"""
Name," ""Team"""," ""Position"""," ""Height(inches)"""," ""Weight(lbs)"""," ""Age"""
Name," ""Team"""," ""Position"""," ""Height(inches)"""," ""Weight(lbs)"""," ""Age"""
Name," ""Team"""," ""Position"""," ""Height(inches)"""," ""Weight(lbs)"""," ""Age"""
Name," ""Team"""," ""Position"""," ""Height(inches)"""," ""Weight(lbs)"""," ""Age"""
Name," ""Team"""," ""Position"""," ""Height(inches)"""," ""Weight(lbs)"""," ""Age"""
Name," ""Team"""," ""Position"""," ""Height(inches)"""," ""Weight(lbs)"""," ""Age"""
Name," ""Team"""," ""Position"""," ""Height(inches)"""," ""Weight(lbs)"""," ""Age"""
Name," ""Team"""," ""Position"""," ""Height(inches)"""," ""Weight(lbs)"""," ""Age"""
Name," ""Team"""," ""Position"""," ""Height(inches)"""," ""Weight(lbs)"""," ""Age"""
Name," ""Team"""," ""Position"""," ""Height(inches)"""," ""Weight(lbs)"""," ""Age"""
Name," ""Team"""," ""Position"""," ""Height(inches)"""," ""Weight(lbs)"""," ""Age"""
Name," ""Team"""," ""Position"""," ""Height(inches)"""," ""Weight(lbs)"""," ""Age"""
Name," ""Team"""," ""Position"""," ""Height(inches)"""," ""Weight(lbs)"""," ""Age"""
Name," ""Team"""," ""Position"""," ""Height(inches)"""," ""Weight(lbs)"""," ""Age"""
Name," ""Team"""," ""Position"""," ""Height(inches)"""," ""Weight(lbs)"""," ""Age"""
Name," ""Team"""," ""Position"""," ""Height(inches)"""," ""Weight(lbs)"""," ""Age"""
Name," ""Team"""," ""Position"""," ""Height(inches)"""," ""Weight(lbs)"""," ""Age"""
Name," ""Team"""," ""Position"""," ""Height(inches)"""," ""Weight(lbs)"""," ""Age"""
Name," ""Team"""," ""Position"""," ""Height(inches)"""," ""Weight(lbs)"""," ""Age"""
Name," ""Team"""," ""Position"""," ""Height(inches)"""," ""Weight(lbs)"""," ""Age"""
Name," ""Team"""," ""Position"""," ""Height(inches)"""," ""Weight(lbs)"""," ""Age"""
Name," ""Team"""," ""Position"""," ""Height(inches)"""," ""Weight(lbs)"""," ""Age"""
Name," ""Team"""," ""Position"""," ""Height(inches)"""," ""Weight(lbs)"""," ""Age"""
Name," ""Team"""," ""Position"""," ""Height(inches)"""," ""Weight(lbs)"""," ""Age"""
Name," ""Team"""," ""Position"""," ""Height(inches)"""," ""Weight(lbs)"""," ""Age"""
Name," ""Team"""," ""Position"""," ""Height(inches)"""," ""Weight(lbs)"""," ""Age"""
Name," ""Team"""," ""Position"""," ""Height(inches)"""," ""Weight(lbs)"""," ""Age"""
Name," ""Team"""," ""Position"""," ""Height(inches)"""," ""Weight(lbs)"""," ""Age"""
Name," ""Team"""," ""Position"""," ""Height(inches)"""," ""Weight(lbs)"""," ""Age"""
Name," ""Team"""," ""Position"""," ""Height(inches)"""," ""Weight(lbs)"""," ""Age"""
Name," ""Team"""," ""Position"""," ""Height(inches)"""," ""Weight(lbs)"""," ""Age"""
Name," ""Team"""," ""Position"""," ""Height(inches)"""," ""Weight(lbs)"""," ""Age"""
Name," ""Team"""," ""Position"""," ""Height(inches)"""," ""Weight(lbs)"""," ""Age"""
Name," ""Team"""," ""Position"""," ""Height(inches)"""," ""Weight(lbs)"""," ""Age"""
Name," ""Team"""," ""Position"""," ""Height(inches)"""," ""Weight(lbs)"""," ""Age"""
Name," ""Team"""," ""Position"""," ""Height(inches)"""," ""Weight(lbs)"""," ""Age"""
Name," ""Team"""," ""Position"""," ""Height(inches)"""," ""Weight(lbs)"""," ""Age"""
Name," ""Team"""," ""Position"""," ""Height(inches)"""," ""Weight(lbs)"""," ""Age"""
Name," ""Team"""," ""Position"""," ""Height(inches)"""," ""Weight(lbs)"""," ""Age"""
Name," ""Team"""," ""Position"""," ""Height(inches)"""," ""Weight(lbs)"""," ""Age"""
Name," ""Team"""," ""Position"""," ""Height(inches)"""," ""Weight(lbs)"""," ""Age"""
Name," ""Team"""," ""Position"""," ""Height(inches)"""," ""Weight(lbs)"""," ""Age"""
Name," ""Team"""," ""Position"""," ""Height(inches)"""," ""Weight(lbs)"""," ""Age"""
Name," ""Team"""," ""Position"""," ""Height(inches)"""," ""Weight(lbs)"""," ""Age"""
Name," ""Team"""," ""Position"""," ""Height(inches)"""," ""Weight(lbs)"""," ""Age"""
Name," ""Team"""," ""Position"""," ""Height(inches)"""," ""Weight(lbs)"""," ""Age"""
Name," ""Team"""," ""Position"""," ""Height(inches)"""," ""Weight(lbs)"""," ""Age"""
Name," ""Team"""," ""Position"""," ""Height(inches)"""," ""Weight(lbs)"""," ""Age"""
Name," ""Team"""," ""Position"""," ""Height(inches)"""," ""Weight(lbs)"""," ""Age"""
Name," ""Team"""," ""Position"""," ""Height(inches)"""," ""Weight(lbs)"""," ""Age"""
Name," ""Team"""," ""Position"""," ""Height(inches)"""," ""Weight(lbs)"""," ""Age"""
Name," ""Team"""," ""Position"""," ""Height(inches)"""," ""Weight(lbs)"""," ""Age"""
Name," ""Team"""," ""Position"""," ""Height(inches)"""," ""Weight(lbs)"""," ""Age"""
Name," ""Team"""," ""Position"""," ""Height(inches)"""," ""Weight(lbs)"""," ""Age"""
Name," ""Team"""," ""Position"""," ""Height(inches)"""," ""Weight(lbs)"""," ""Age"""
Name," ""Team"""," ""Position"""," ""Height(inches)"""," ""Weight(lbs)"""," ""Age"""
Name," ""Team"""," ""Position"""," ""Height(inches)"""," ""Weight(lbs)"""," ""Age"""
Name," ""Team"""," ""Position"""," ""Height(inches)"""," ""Weight(lbs)"""," ""Age"""
Name," ""Team"""," ""Position"""," ""Height(inches)"""," ""Weight(lbs)"""," ""Age"""
Name," ""Team"""," ""Position"""," ""Height(inches)"""," ""Weight(lbs)"""," ""Age"""
Name," ""Team"""," ""Position"""," ""Height(inches)"""," ""Weight(lbs)"""," ""Age"""
Name," ""Team"""," ""Position"""," ""Height(inches)"""," ""Weight(lbs)"""," ""Age"""
Name," ""Team"""," ""Position"""," ""Height(inches)"""," ""Weight(lbs)"""," ""Age"""
Name," ""Team"""," ""Position"""," ""Height(inches)"""," ""Weight(lbs)"""," ""Age"""
Name," ""Team"""," ""Position"""," ""Height(inches)"""," ""Weight(lbs)"""," ""Age"""
Name," ""Team"""," ""Position"""," ""Height(inches)"""," ""Weight(lbs)"""," ""Age"""
Name," ""Team"""," ""Position"""," ""Height(inches)"""," ""Weight(lbs)"""," ""Age"""
Name," ""Team"""," ""Position"""," ""Height(inches)"""," ""Weight(lbs)"""," ""Age"""
Name," ""Team"""," ""Position"""," ""Height(inches)"""," ""Weight(lbs)"""," ""Age"""
Name," ""Team"""," ""Position"""," ""Height(inches)"""," ""Weight(lbs)"""," ""Age"""
Name," ""Team"""," ""Position"""," ""Height(inches)"""," ""Weight(lbs)"""," ""Age"""
Name," ""Team"""," ""Position"""," ""Height(inches)"""," ""Weight(lbs)"""," ""Age"""
Name," ""Team"""," ""Position"""," ""Height(inches)"""," ""Weight(lbs)"""," ""Age"""
Name," ""Team"""," ""Position"""," ""Height(inches)"""," ""Weight(lbs)"""," ""Age"""
Name," ""Team"""," ""Position"""," ""Height(inches)"""," ""Weight(lbs)"""," ""Age"""
Name," ""Team"""," ""Position"""," ""Height(inches)"""," ""Weight(lbs)"""," ""Age"""
Name," ""Team"""," ""Position"""," ""Height(inches)"""," ""Weight(lbs)"""," ""Age"""
Name," ""Team"""," ""Position"""," ""Height(inches)"""," ""Weight(lbs)"""," ""Age"""
Name," ""Team"""," ""Position"""," ""Height(inches)"""," ""Weight(lbs)"""," ""Age"""
Name," ""Team"""," ""Position"""," ""Height(inches)"""," ""Weight(lbs)"""," ""Age"""
Name," ""Team"""," ""Position"""," ""Height(inches)"""," ""Weight(lbs)"""," ""Age"""
Name," ""Team"""," ""Position"""," ""Height(inches)"""," ""Weight(lbs)"""," ""Age"""
Name," ""Team"""," ""Position"""," ""Height(inches)"""," ""Weight(lbs)"""," ""Age"""
Name," ""Team"""," ""Position"""," ""Height(inches)"""," ""Weight(lbs)"""," ""Age"""
Name," ""Team"""," ""Position"""," ""Height(inches)"""," ""Weight(lbs)"""," ""Age"""
Name," ""Team"""," ""Position"""," ""Height(inches)"""," ""Weight(lbs)"""," ""Age"""
Name," ""Team"""," ""Position"""," ""Height(inches)"""," ""Weight(lbs)"""," ""Age"""
Name," ""Team"""," ""Position"""," ""Height(inches)"""," ""Weight(lbs)"""," ""Age"""
Name," ""Team"""," ""Position"""," ""Height(inches)"""," ""Weight(lbs)"""," ""Age"""
Name," ""Team"""," ""Position"""," ""Height(inches)"""," ""Weight(lbs)"""," ""Age"""
Name," ""Team"""," ""Position"""," ""Height(inches)"""," ""Weight(lbs)"""," ""Age"""
Name," ""Team"""," ""Position"""," ""Height(inches)"""," ""Weight(lbs)"""," ""Age"""
Name," ""Team"""," ""Position"""," ""Height(inches)"""," ""Weight(lbs)"""," ""Age"""
Name," ""Team"""," ""Position"""," ""Height(inches)"""," ""Weight(lbs)"""," ""Age"""
Name," ""Team"""," ""Position"""," ""Height(inches)"""," ""Weight(lbs)"""," ""Age"""
Name," ""Team"""," ""Position"""," ""Height(inches)"""," ""Weight(lbs)"""," ""Age"""
Name," ""Team"""," ""Position"""," ""Height(inches)"""," ""Weight(lbs)"""," ""Age"""
Name," ""Team"""," ""Position"""," ""Height(inches)"""," ""Weight(lbs)"""," ""Age"""
Name," ""Team"""," ""Position"""," ""Height(inches)"""," ""Weight(lbs)"""," ""Age"""
Name," ""Team"""," ""Position"""," ""Height(inches)"""," ""Weight(lbs)"""," ""Age"""
Name," ""Team"""," ""Position"""," ""Height(inches)"""," ""Weight(lbs)"""," ""Age"""
Name," ""Team"""," ""Position"""," ""Height(inches)"""," ""Weight(lbs)"""," ""Age"""
Name," ""Team"""," ""Position"""," ""Height(inches)"""," ""Weight(lbs)"""," ""Age"""
Name," ""Team"""," ""Position"""," ""Height(inches)"""," ""Weight(lbs)"""," ""Age"""
Name," ""Team"""," ""Position"""," ""Height(inches)"""," ""Weight(lbs)"""," ""Age"""
Name," ""Team"""," ""Position"""," ""Height(inches)"""," ""Weight(lbs)"""," ""Age"""
Name," ""Team"""," ""Position"""," ""Height(inches)"""," ""Weight(lbs)"""," ""Age"""
Name," ""Team"""," ""Position"""," ""Height(inches)"""," ""Weight(lbs)"""," ""Age"""
Name," ""Team"""," ""Position"""," ""Height(inches)"""," ""Weight(lbs)"""," ""Age"""
Name," ""Team"""," ""Position"""," ""Height(inches)"""," ""Weight(lbs)"""," ""Age"""
Name," ""Team"""," ""Position"""," ""Height(inches)"""," ""Weight(lbs)"""," ""Age"""
Name," ""Team"""," ""Position"""," ""Height(inches)"""," ""Weight(lbs)"""," ""Age"""
Name," ""Team"""," ""Position"""," ""Height(inches)"""," ""Weight(lbs)"""," ""Age"""
Name," ""Team"""," ""Position"""," ""Height(inches)"""," ""Weight(lbs)"""," ""Age"""
Name," ""Team"""," ""Position"""," ""Height(inches)"""," ""Weight(lbs)"""," ""Age"""
Name," ""Team"""," ""Position"""," ""Height(inches)"""," ""Weight(lbs)"""," ""Age"""
Name," ""Team"""," ""Position"""," ""Height(inches)"""," ""Weight(lbs)"""," ""Age"""
Name," ""Team"""," ""Position"""," ""Height(inches)"""," ""Weight(lbs)"""," ""Age"""
Name," ""Team"""," ""Position"""," ""Height(inches)"""," ""Weight(lbs)"""," ""Age"""
Name," ""Team"""," ""Position"""," ""Height(inches)"""," ""Weight(lbs)"""," ""Age"""
Name," ""Team"""," ""Position"""," ""Height(inches)"""," ""Weight(lbs)"""," ""Age"""
Name," ""Team"""," ""Position"""," ""Height(inches)"""," ""Weight(lbs)"""," ""Age"""
Name," ""Team"""," ""Position"""," ""Height(inches)"""," ""Weight(lbs)"""," ""Age"""
Name," ""Team"""," ""Position"""," ""Height(inches)"""," ""Weight(lbs)"""," ""Age"""
Name," ""Team"""," ""Position"""," ""Height(inches)"""," ""Weight(lbs)"""," ""Age"""
Name," ""Team"""," ""Position"""," ""Height(inches)"""," ""Weight(lbs)"""," ""Age"""
Name," ""Team"""," ""Position"""," ""Height(inches)"""," ""Weight(lbs)"""," ""Age"""
Name," ""Team"""," ""Position"""," ""Height(inches)"""," ""Weight(lbs)"""," ""Age"""
Name," ""Team"""," ""Position"""," ""Height(inches)"""," ""Weight(lbs)"""," ""Age"""
Name," ""Team"""," ""Position"""," ""Height(inches)"""," ""Weight(lbs)"""," ""Age"""
Name," ""Team"""," ""Position"""," ""Height(inches)"""," ""Weight(lbs)"""," ""Age"""
Name," ""Team"""," ""Position"""," ""Height(inches)"""," ""Weight(lbs)"""," ""Age"""
Name," ""Team"""," ""Position"""," ""Height(inches)"""," ""Weight(lbs)"""," ""Age"""
Name," ""Team"""," ""Position"""," ""Height(inches)"""," ""Weight(lbs)"""," ""Age"""
Name," ""Team"""," ""Position"""," ""Height(inches)"""," ""Weight(lbs)"""," ""Age"""
Name," ""Team"""," ""Position"""," ""Height(inches)"""," ""Weight(lbs)"""," ""Age"""
Name," ""Team"""," ""Position"""," ""Height(inches)"""," ""Weight(lbs)"""," ""Age"""
Name," ""Team"""," ""Position"""," ""Height(inches)"""," ""Weight(lbs)"""," ""Age"""
Name," ""Team"""," ""Position"""," ""Height(inches)"""," ""Weight(lbs)"""," ""Age"""
Name," ""Team"""," ""Position"""," ""Height(inches)"""," ""Weight(lbs)"""," ""Age"""
Name," ""Team"""," ""Position"""," ""Height(inches)"""," ""Weight(lbs)"""," ""Age"""
Name," ""Team"""," ""Position"""," ""Height(inches)"""," ""Weight(lbs)"""," ""Age"""
Name," ""Team"""," ""Position"""," ""Height(inches)"""," ""Weight(lbs)"""," ""Age"""
Name," ""Team"""," ""Position"""," ""Height(inches)"""," ""Weight(lbs)"""," ""Age"""
Name," ""Team"""," ""Position"""," ""Height(inches)"""," ""Weight(lbs)"""," ""Age"""
Name," ""Team"""," ""Position"""," ""Height(inches)"""," ""Weight(lbs)"""," ""Age"""
Name," ""Team"""," ""Position"""," ""Height(inches)"""," ""Weight(lbs)"""," ""Age"""
Name," ""Team"""," ""Position"""," ""Height(inches)"""," ""Weight(lbs)"""," ""Age"""
Name," ""Team"""," ""Position"""," ""Height(inches)"""," ""Weight(lbs)"""," ""Age"""
Name," ""Team"""," ""Position"""," ""Height(inches)"""," ""Weight(lbs)"""," ""Age"""
Name," ""Team"""," ""Position"""," ""Height(inches)"""," ""Weight(lbs)"""," ""Age"""
Name," ""Team"""," ""Position"""," ""Height(inches)"""," ""Weight(lbs)"""," ""Age"""
Name," ""Team"""," ""Position"""," ""Height(inches)"""," ""Weight(lbs)"""," ""Age"""
Name," ""Team"""," ""Position"""," ""Height(inches)"""," ""Weight(lbs)"""," ""Age"""
Name," ""Team"""," ""Position"""," ""Height(inches)"""," ""Weight(lbs)"""," ""Age"""
Name," ""Team"""," ""Position"""," ""Height(inches)"""," ""Weight(lbs)"""," ""Age"""
Name," ""Team"""," ""Position"""," ""Height(inches)"""," ""Weight(lbs)"""," ""Age"""
Name," ""Team"""," ""Position"""," ""Height(inches)"""," ""Weight(lbs)"""," ""Age"""
Name," ""Team"""," ""Position"""," ""Height(inches)"""," ""Weight(lbs)"""," ""Age"""
Name," ""Team"""," ""Position"""," ""Height(inches)"""," ""Weight(lbs)"""," ""Age"""
Name," ""Team"""," ""Position"""," ""Height(inches)"""," ""Weight(lbs)"""," ""Age"""
Name," ""Team"""," ""Position"""," ""Height(inches)"""," ""Weight(lbs)"""," ""Age"""
Name," ""Team"""," ""Position"""," ""Height(inches)"""," ""Weight(lbs)"""," ""Age"""
Name," ""Team"""," ""Position"""," ""Height(inches)"""," ""Weight(lbs)"""," ""Age"""
Name," ""Team"""," ""Position"""," ""Height(inches)"""," ""Weight(lbs)"""," ""Age"""
Name," ""Team"""," ""Position"""," ""Height(inches)"""," ""Weight(lbs)"""," ""Age"""
Name," ""Team"""," ""Position"""," ""Height(inches)"""," ""Weight(lbs)"""," ""Age"""
Name," ""Team"""," ""Position"""," ""Height(inches)"""," ""Weight(lbs)"""," ""Age"""
Name," ""Team"""," ""Position"""," ""Height(inches)"""," ""Weight(lbs)"""," ""Age"""
Name," ""Team"""," ""Position"""," ""Height(inches)"""," ""Weight(lbs)"""," ""Age"""
Name," ""Team"""," ""Position"""," ""Height(inches)"""," ""Weight(lbs)"""," ""Age"""
Name," ""Team"""," ""Position"""," ""Height(inches)"""," ""Weight(lbs)"""," ""Age"""
Name," ""Team"""," ""Position"""," ""Height(inches)"""," ""Weight(lbs)"""," ""Age"""
